-- phpMyAdmin SQL Dump
-- version 5.1.1
-- https://www.phpmyadmin.net/
--
-- Host: 127.0.0.1
-- Generation Time: Jun 22, 2023 at 12:26 PM
-- Server version: 10.4.22-MariaDB
-- PHP Version: 8.0.13

SET SQL_MODE = "NO_AUTO_VALUE_ON_ZERO";
START TRANSACTION;
SET time_zone = "+00:00";


/*!40101 SET @OLD_CHARACTER_SET_CLIENT=@@CHARACTER_SET_CLIENT */;
/*!40101 SET @OLD_CHARACTER_SET_RESULTS=@@CHARACTER_SET_RESULTS */;
/*!40101 SET @OLD_COLLATION_CONNECTION=@@COLLATION_CONNECTION */;
/*!40101 SET NAMES utf8mb4 */;

--
-- Database: `gomalonlineshop`
--

-- --------------------------------------------------------

--
-- Table structure for table `categories`
--

CREATE TABLE `categories` (
  `id` bigint(20) UNSIGNED NOT NULL,
  `name` varchar(255) COLLATE utf8mb4_unicode_ci NOT NULL,
  `created_at` timestamp NULL DEFAULT NULL,
  `updated_at` timestamp NULL DEFAULT NULL
) ENGINE=InnoDB DEFAULT CHARSET=utf8mb4 COLLATE=utf8mb4_unicode_ci;

--
-- Dumping data for table `categories`
--

INSERT INTO `categories` (`id`, `name`, `created_at`, `updated_at`) VALUES
(1, 'Electronic Devices', '2022-11-21 19:00:00', '2022-11-21 19:00:00'),
(2, 'Electronic Accessories', '2022-11-21 19:00:00', '2022-11-21 19:00:00'),
(3, 'TV & Home Appliances', '2022-11-21 19:00:00', '2022-11-21 19:00:00'),
(4, 'Health & Beauty', '2022-11-21 19:00:00', '2022-11-21 19:00:00'),
(5, 'Mobiles', '2022-11-21 19:00:00', '2022-11-21 19:00:00'),
(6, 'Groceries & Pets', '2022-11-21 19:00:00', '2022-11-21 19:00:00'),
(7, 'Home & Lifestyle', '2022-11-21 19:00:00', '2022-11-21 19:00:00'),
(8, 'Women\'s Fashion', '2022-11-21 19:00:00', '2022-11-21 19:00:00'),
(9, 'Men\'s Fashion', '2022-11-21 19:00:00', '2022-11-21 19:00:00'),
(10, 'Watches, Bags & Jewelery', '2022-11-21 19:00:00', '2022-11-21 19:00:00'),
(11, 'Sports & Outdoor', '2022-11-21 19:00:00', '2022-11-21 19:00:00'),
(12, 'Automotive & Motorbike', '2022-11-21 19:00:00', '2022-11-21 19:00:00'),
(13, 'sports car', '2022-11-21 19:00:00', '2022-11-21 19:00:00');

-- --------------------------------------------------------

--
-- Table structure for table `cities`
--

CREATE TABLE `cities` (
  `id` int(11) NOT NULL,
  `name` varchar(255) NOT NULL,
  `postalcode` varchar(255) NOT NULL,
  `state` varchar(255) NOT NULL
) ENGINE=InnoDB DEFAULT CHARSET=utf8mb4;

--
-- Dumping data for table `cities`
--

INSERT INTO `cities` (`id`, `name`, `postalcode`, `state`) VALUES
(1, 'ABAZAI', '24550', 'Khyber Pakhtunkhwa'),
(2, 'ABBA KHEL', '28440', 'Khyber Pakhtunkhwa'),
(3, 'ABBAS PUR', '12200', 'Azad Kashmir'),
(4, 'ABBOTTABAD GPO', '22010', 'Khyber Pakhtunkhwa'),
(5, 'ABBOTTABAD PUBLIC SCHOOL', '22030', 'Khyber Pakhtunkhwa'),
(6, 'ABDUL GHAFOOR LEHRI', '80820', 'Balochistan'),
(7, 'ABDUL HAKIM', '58180', 'Punjab'),
(8, 'ACHORI', '16320', 'Gilgit Baltistan'),
(9, 'ADAMJEE PAPER BOARD MILLS NOWSHERA', '24170', 'Khyber Pakhtunkhwa'),
(10, 'ADDA GAMBEER', '57460', 'Punjab'),
(11, 'ADDA MIR ABBAS', '28300', 'Khyber Pakhtunkhwa'),
(12, 'ADHI KOT', '41260', 'Punjab'),
(13, 'ADHIAN', '39060', 'Punjab'),
(14, 'ADIL PUR', '65080', 'Sindh'),
(15, 'ADOWAL', '50730', 'Punjab'),
(16, 'ADRANA', '49304', 'Punjab'),
(17, 'AFZAL PUR', '10360', 'Azad Kashmir'),
(18, 'AGRA', '66074', 'Sindh'),
(19, 'AGRICULTUR INSTITUTE NAWABSHAH', '67230', 'Sindh'),
(20, 'AHAMED PUR SIAL', '35090', 'Punjab'),
(21, 'AHATA FAROOQIA', '47066', 'Punjab'),
(22, 'AHDI', '47750', 'Punjab'),
(23, 'AHMAD NAGAR', '52070', 'Punjab'),
(24, 'AHMAD PUR EAST', '63350', 'Punjab'),
(25, 'AHMADOON', '96100', 'Balochistan'),
(26, 'AHMADPUR LAMA', '64380', 'Punjab'),
(27, 'AHMED PUR', '66040', 'Sindh'),
(28, 'AHMED PUR', '40120', 'Punjab'),
(29, 'AHMEDWAL', '95150', 'Balochistan'),
(30, 'AHSAN PUR', '34000', 'Punjab'),
(31, 'AJK BOARD OF EDUCATION MIRPUR', '10240', 'Azad Kashmir'),
(32, 'AJNIAN WALA', '39450', 'Punjab'),
(33, 'AKAL GARH', '10470', 'Azad Kashmir'),
(34, 'AKBAR PURA', '24320', 'Khyber Pakhtunkhwa'),
(35, 'AKHTAR ABAD', '56100', 'Punjab'),
(36, 'AKORA KHATTAK', '24040', 'Khyber Pakhtunkhwa'),
(37, 'AKWAL', '48060', 'Punjab'),
(38, 'AL-JAMIA', '57470', 'Punjab'),
(39, 'ALAMABAD', '40418', 'Punjab'),
(40, 'ALI PUR', '34450', 'Punjab'),
(41, 'ALI PUR CHATHA', '52080', 'Punjab'),
(42, 'ALI PUR FRASH', '45600', 'Federal Capital'),
(43, 'ALI SOJAL', '12252', 'Azad Kashmir'),
(44, 'ALI TOWN', '87340', 'Balochistan'),
(45, 'ALIABAD', '15600', 'Gilgit Baltistan'),
(46, 'ALIPUR', '50766', 'Punjab'),
(47, 'ALIPUR NOON', '40500', 'Punjab'),
(48, 'ALIPUR SAIDAN', '40544', 'Punjab'),
(49, 'ALIZAI', '26280', 'Khyber Pakhtunkhwa'),
(50, 'ALLAH ABAD', '64020', 'Punjab'),
(51, 'ALLAH BAKHASH COLONY', '24020', 'Khyber Pakhtunkhwa'),
(52, 'ALLAH DITTO BHAMBHRO', '67322', 'Sindh'),
(53, 'ALLIANCE TEXTILE MILLS', '49610', 'Punjab'),
(54, 'ALLUWALI', '42010', 'Punjab'),
(55, 'ALOCH', '19150', 'Khyber Pakhtunkhwa'),
(56, 'ALPURAI', '19100', 'Khyber Pakhtunkhwa'),
(57, 'ALRO LAB', '43734', 'Punjab'),
(58, 'ALTIT', '15710', 'Gilgit Baltistan'),
(59, 'AMA KHEL', '29432', 'Khyber Pakhtunkhwa'),
(60, 'AMAN KOT', '19140', 'Khyber Pakhtunkhwa'),
(61, 'AMBA DHER', '24610', 'Khyber Pakhtunkhwa'),
(62, 'AMIRABAD', '24502', 'Khyber Pakhtunkhwa'),
(63, 'AMMUNITION DEPOT KASHMORE', '79212', 'Sindh'),
(64, 'AMORI', '95060', 'Balochistan'),
(65, 'AMRA KALAN', '50340', 'Punjab'),
(66, 'ANDERLA KOTEHRA', '11202', 'Azad Kashmir'),
(67, 'ANGAH', '41140', 'Punjab'),
(68, 'ANWAR SHAEED COLONY RENALA KHURD', '56150', 'Punjab'),
(69, 'APPOZAI', '85240', 'Balochistan'),
(70, 'AQIL SHAH', '67040', 'Sindh'),
(71, 'ARA', '48326', 'Punjab'),
(72, 'ARAIN ROAD', '65320', 'Sindh'),
(73, 'ARANDA', '17250', 'Khyber Pakhtunkhwa'),
(74, 'ARIF WALA', '57450', 'Punjab'),
(75, 'ARJA', '12460', 'Azad Kashmir'),
(76, 'AROOP', '52400', 'Punjab'),
(77, 'ARRAR', '48370', 'Punjab'),
(78, 'ARZI BHUTTO', '77280', 'SIndh'),
(79, 'ASHRAF SUGAR MILLS BAHAWALPUR', '63274', 'Punjab'),
(80, 'ASHRIT', '17260', 'Khyber Pakhtunkhwa'),
(81, 'ASIABAD', '92610', 'Balochistan'),
(82, 'ASTANA', '16110', 'Gilgit Baltistan'),
(83, 'ASTANA-E-FAZAL', '40184', 'Punjab'),
(84, 'ASTORE', '14300', 'Gilgit Baltistan'),
(85, 'ATHARAN HAZARI', '35180', 'Punjab'),
(86, 'ATHMAQAM', '13230', 'Azad Kashmir'),
(87, 'ATTOCK GPO', '43600', 'Punjab'),
(88, 'ATTOCK KHURD', '43560', 'Punjab'),
(89, 'AURANGABAD', '50010', 'Punjab'),
(90, 'AWAN GHAMBEER', '28122', 'Khyber Pakhtunkhwa'),
(91, 'AWAN SHARIF', '50870', 'Punjab'),
(92, 'AYUB AGRICULTURAL RESEARCH INSTITUTE', '38850', 'Punjab'),
(93, 'AYUB MEDICAL COLLEGE ABBOTTABAD', '22040', 'Khyber Pakhtunkhwa'),
(94, 'AYUBIA', '22310', 'Khyber Pakhtunkhwa'),
(95, 'AYUN', '17210', 'Khyber Pakhtunkhwa'),
(96, 'AZA KHEL BALA', '24190', 'Khyber Pakhtunkhwa'),
(97, 'AZA KHEL PAYAN', '24182', 'Khyber Pakhtunkhwa'),
(98, 'AZAD PATTAN', '12000', 'Azad Kashmir'),
(99, 'B AL BRAHMANA', '11220', 'Azad Kashmir'),
(100, 'B. G. PUR', '50330', 'Punjab'),
(101, 'BABARLOI', '65270', 'Sindh'),
(102, 'BABU ZAI', '23250', 'Khyber Pakhtunkhwa'),
(103, 'BADAH', '77010', 'Sindh'),
(104, 'BADANI', '79192', 'Sindh'),
(105, 'BADBHER', '24840', 'Khyber Pakhtunkhwa'),
(106, 'BADHBER PAF CAMP', '24830', 'Khyber Pakhtunkhwa'),
(107, 'BADHO KAMBRANI', '72060', 'Sindh'),
(108, 'BADHORA', '22780', 'Khyber Pakhtunkhwa'),
(109, 'BADIANA', '51410', 'Punjab'),
(110, 'BADIN', '72200', 'Sindh'),
(111, 'BADOMALI', '51700', 'Punjab'),
(112, 'BADSHAHAN', '48760', 'Punjab'),
(113, 'BAFFA', '21110', 'Khyber Pakhtunkhwa'),
(114, 'BAGAN', '22290', 'Khyber Pakhtunkhwa'),
(115, 'BAGARJI', '65330', 'Sindh'),
(116, 'BAGH GPO', '12500', 'Azad Kashmir'),
(117, 'BAGH JAMIRI', '47390', 'Punjab'),
(118, 'BAGHICHA', '16500', 'Gilgit Baltistan'),
(119, 'BAGHO BAHR', '64160', 'Punjab'),
(120, 'BAGHPUR DHERI', '22652', 'Khyber Pakhtunkhwa'),
(121, 'BAGNIAL', '45240', 'Federal Capital'),
(122, 'BAGNOTAR', '22210', 'Khyber Pakhtunkhwa'),
(123, 'BAHADAR PUR', '59300', 'Punjab'),
(124, 'BAHADUR KHEL', '27410', 'Khyber Pakhtunkhwa'),
(125, 'BAHALIKE', '39530', 'Punjab'),
(126, 'BAHAUDDIN ZAKARIA UNIVERSITY', '60800', 'Punjab'),
(127, 'BAHAWAL NAGAR GPO', '62300', 'Punjab'),
(128, 'BAHAWALPUR GPO', '63100', 'Punjab'),
(129, 'BAHAWALPUR CANTT', '63080', 'Punjab'),
(130, 'BAHAWALPUR INTERMEDIATE SECONDRY BOARD', '63170', 'Punjab'),
(131, 'BAHRAIN', '19010', 'Khyber Pakhtunkhwa'),
(132, 'BAHRAM', '77260', 'Sindh'),
(133, 'BAHTAR', '43740', 'Punjab'),
(134, 'BAISA KALAN', '50030', 'Punjab'),
(135, 'BAITHAK BAZAR', '12100', 'Azad Kashmir'),
(136, 'BAIZU KHARKI', '23090', 'Khyber Pakhtunkhwa'),
(137, 'BAJRA GARHI', '51402', 'Punjab'),
(138, 'BAKA KHEL', '28142', 'Khyber Pakhtunkhwa'),
(139, 'BAKHSHALI', '23220', 'Khyber Pakhtunkhwa'),
(140, 'BAKHSHAN KHAN', '62400', 'Punjab'),
(141, 'BAKKA KHEL', '28480', 'Khyber Pakhtunkhwa'),
(142, 'BAKRALA', '49260', 'Punjab'),
(143, 'BAKRANI VILLAGE', '77110', 'Sindh'),
(144, 'BALAKOT', '21230', 'Khyber Pakhtunkhwa'),
(145, 'BALDHER', '22584', 'Khyber Pakhtunkhwa'),
(146, 'BALELI', '87100', 'Balochistan'),
(147, 'BALI MANG', '21080', 'Khyber Pakhtunkhwa'),
(148, 'BALICHA', '90350', 'Balochistan'),
(149, 'BALKASAR', '48630', 'Punjab'),
(150, 'BALLOKI', '55210', 'Punjab'),
(151, 'BALOCH', '12120', 'Azad Kashmir'),
(152, 'BALWAL', '48130', 'Punjab'),
(153, 'BAMKHEL', '23440', 'Khyber Pakhtunkhwa'),
(154, 'BAN', '47230', 'Punjab'),
(155, 'BAN GAJWA', '51490', 'Punjab'),
(156, 'BAND KURAI', '29162', 'Khyber Pakhtunkhwa'),
(157, 'BANDA', '47560', 'Punjab'),
(158, 'BANDA DAUD SHAH', '26400', 'Khyber Pakhtunkhwa'),
(159, 'BANDA MOHIB', '24230', 'Khyber Pakhtunkhwa'),
(160, 'BANDA SHEIKH ISMAIL', '24302', 'Khyber Pakhtunkhwa'),
(161, 'BANDHI', '67400', 'Sindh'),
(162, 'BANDIAL', '41310', 'Punjab'),
(163, 'BANGIAL', '49330', 'Punjab'),
(164, 'BANGLA MANTHAR', '64410', 'Punjab'),
(165, 'BANGLA SADABAD', '10050', 'Azad Kashmir'),
(166, 'BANGUL DERO', '77400', 'Sindh'),
(167, 'BANJOSA', '12262', 'Azad Kashmir'),
(168, 'BANNA', '21032', 'Khyber Pakhtunkhwa'),
(169, 'BANNI', '10370', 'Azad Kashmir'),
(170, 'BANNU GPO', '28100', 'Khyber Pakhtunkhwa'),
(171, 'BANNU AL.MARKAZ ISLAMI', '28334', 'Khyber Pakhtunkhwa'),
(172, 'BANSAIR', '21050', 'Khyber Pakhtunkhwa'),
(173, 'BARA DARWESH KHELA', '19050', 'Khyber Pakhtunkhwa'),
(174, 'BARA FORT', '24800', 'Khyber Pakhtunkhwa'),
(175, 'BARA GRAN', '49350', 'Punjab'),
(176, 'BARA KAU', '45400', 'Federal Capital'),
(177, 'BARAGOWAH', '49320', 'Punjab'),
(178, 'BARAL', '12030', 'Azad Kashmir'),
(179, 'BARAL COLONY', '49420', 'Punjab'),
(180, 'BARAMANGA', '51780', 'Punjab'),
(181, 'BARATLA', '11032', 'Azad Kashmir'),
(182, 'BARAWAL BANDI', '18100', 'Khyber Pakhtunkhwa'),
(183, 'BARAZAI', '43430', 'Punjab'),
(184, 'BARIAN CAMP', '47124', 'Punjab'),
(185, 'BARIKOT', '12560', 'Azad Kashmir'),
(186, 'BARIKOT', '19240', 'Khyber Pakhtunkhwa'),
(187, 'BARJAH', '10070', 'Azad Kashmir'),
(188, 'BARKHAN', '84400', 'Balochistan'),
(189, 'BARKI', '53200', 'Punjab'),
(190, 'BARNALA', '10020', 'Azad Kashmir'),
(191, 'BARNALI', '50140', 'Punjab'),
(192, 'BAROTHA WAPDA COLONY', '43660', 'Punjab'),
(193, 'BARSALI', '10044', 'Azad Kashmir'),
(194, 'BARSHORE', '86800', 'Balochistan'),
(195, 'BARTHI', '32124', 'Punjab'),
(196, 'BASAL', '43140', 'Punjab'),
(197, 'BASHARAT', '48410', 'Punjab'),
(198, 'BASIMA', '94050', 'Balochistan'),
(199, 'BASIMA', '88420', 'Balochistan'),
(200, 'BASIR PUR', '56010', 'Punjab'),
(201, 'BASIRA', '34300', 'Punjab'),
(202, 'BASSALI', '47650', 'Punjab'),
(203, 'BASTI BUZDAR', '32110', 'Punjab'),
(204, 'BASTI MALANA', '32410', 'Punjab'),
(205, 'BASTI MALOOK', '59150', 'Punjab'),
(206, 'BATAMOHRI', '21044', 'Khyber Pakhtunkhwa'),
(207, 'BATKHELA GPO', '23020', 'Khyber Pakhtunkhwa'),
(208, 'BATRASI CAMP', '21250', 'Khyber Pakhtunkhwa'),
(209, 'BATTAGRAM', '21040', 'Khyber Pakhtunkhwa'),
(210, 'BATTAL', '21090', 'Khyber Pakhtunkhwa'),
(211, 'BEGOWALA', '51080', 'Punjab'),
(212, 'BEHAL', '30040', 'Punjab'),
(213, 'BEHAR COLONY KOTRI', '76040', 'Sindh'),
(214, 'BEHARI', '10534', 'Azad Kashmir'),
(215, 'BEHBOODI', '43414', 'Punjab'),
(216, 'BELA', '90050', 'Balochistan'),
(217, 'BELIAN', '21440', 'Khyber Pakhtunkhwa'),
(218, 'BENAHAL PATTAN', '47432', 'Punjab'),
(219, 'BER', '77220', 'Sindh'),
(220, 'BERANI', '68060', 'Sindh'),
(221, 'BERO CHANDIO', '77200', 'Sindh'),
(222, 'BERRARI', '65220', 'Sindh'),
(223, 'BESHAM', '20500', 'Khyber Pakhtunkhwa'),
(224, 'BET MIR HAZAR KHAN', '34440', 'Punjab'),
(225, 'BEWAL', '47910', 'Punjab'),
(226, 'BHABRA', '40470', 'Punjab'),
(227, 'BHADDAR', '50964', 'Punjab'),
(228, 'BHAG', '81250', 'Balochistan'),
(229, 'BHAGOWAL KALAN', '50820', 'Punjab'),
(230, 'BHAGTAN WALA', '40280', 'Punjab'),
(231, 'BHAGWAL', '48680', 'Punjab'),
(232, 'BHAI PHERU', '55260', 'Punjab'),
(233, 'BHAIR KALYAL', '47790', 'Punjab'),
(234, 'BHAKHRE WALI', '50940', 'Punjab'),
(235, 'BHAKKAR GPO', '30000', 'Punjab'),
(236, 'BHALAKHAR', '47460', 'Punjab'),
(237, 'BHALL', '47570', 'Punjab'),
(238, 'BHALLAH', '48514', 'Punjab'),
(239, 'BHALWAL', '40410', 'Punjab'),
(240, 'BHAMBHA', '55142', 'Punjab'),
(241, 'BHAN SAEEDABAD', '76170', 'Sindh'),
(242, 'BHARAT', '28310', 'Khyber Pakhtunkhwa'),
(243, 'BHARING', '10030', 'Azad Kashmir'),
(244, 'BHARPUR', '48540', 'Punjab'),
(245, 'BHATTI GUJAR', '48620', 'Punjab'),
(246, 'BHAUN', '48520', 'Punjab'),
(247, 'BHAWANA', '35350', 'Punjab'),
(248, 'BHAWLAY KHURD', '47824', 'Punjab'),
(249, 'BHER KUND', '21340', 'Khyber Pakhtunkhwa'),
(250, 'BHERA', '40540', 'Punjab'),
(251, 'BHILOMAR', '48290', 'Punjab'),
(252, 'BHIMBER GPO', '10040', 'Azad Kashmir'),
(253, 'BHIN', '48750', 'Punjab'),
(254, 'BHIRIA CITY', '67320', 'Sindh'),
(255, 'BHIRIA ROAD', '67310', 'Sindh'),
(256, 'BHIRTH', '51250', 'Punjab'),
(257, 'BHIT SHAH', '70140', 'Sindh'),
(258, 'Bhogi Chak', '49332', 'Punjab'),
(259, 'BHONG', '64384', 'Punjab'),
(260, 'BHOPAL WALA', '51030', 'Punjab'),
(261, 'BHORTI', '67084', 'Sindh'),
(262, 'BHOTA', '50960', 'Punjab'),
(263, 'BHOTH', '51260', 'Punjab'),
(264, 'BHULEER CHAK 119', '39610', 'Punjab'),
(265, 'BHUTTA PUR', '34500', 'Punjab'),
(266, 'BIAH', '47232', 'Punjab'),
(267, 'BIARI AYUB KHAN', '21010', 'Khyber Pakhtunkhwa'),
(268, 'BILAL TOWN', '49620', 'Punjab'),
(269, 'BILALABAD', '48140', 'Punjab'),
(270, 'BILLI TANG', '26110', 'Khyber Pakhtunkhwa'),
(271, 'BILOT', '29170', 'Khyber Pakhtunkhwa'),
(272, 'BINDI', '10090', 'Azad Kashmir'),
(273, 'BIR', '22770', 'Khyber Pakhtunkhwa'),
(274, 'BIRAN GALI', '22230', 'Khyber Pakhtunkhwa'),
(275, 'BIRPANI', '12510', 'Azad Kashmir'),
(276, 'BISHAN DORE', '49250', 'Punjab'),
(277, 'BOCHAL KALAN', '48560', 'Punjab'),
(278, 'BOHA DHANGRI', '10490', 'Azad Kashmir'),
(279, 'BOI', '22180', 'Khyber Pakhtunkhwa'),
(280, 'BONG COLONY', '10210', 'Azad Kashmir'),
(281, 'BOONI', '17050', 'Khyber Pakhtunkhwa'),
(282, 'BOONI MAIN BAZAR', '17054', 'Khyber Pakhtunkhwa'),
(283, 'BOOTA', '43750', 'Punjab'),
(284, 'BOSAL', '50486', 'Punjab'),
(285, 'BOSTAN', '86500', 'Balochistan'),
(286, 'BOTALA SARDAR JHANDA SINGH', '52340', 'Punjab'),
(287, 'BOYA', '28210', 'Khyber Pakhtunkhwa'),
(288, 'BRAPCHA', '95130', 'Balochistan'),
(289, 'BREP', '17010', 'Khyber Pakhtunkhwa'),
(290, 'BROZ', '17230', 'Khyber Pakhtunkhwa'),
(291, 'BUBAK', '76150', 'Sindh'),
(292, 'BUCHAL KHURD', '48580', 'Punjab'),
(293, 'BUCHARI', '67470', 'Sindh'),
(294, 'BUCHEKI', '39130', 'Punjab'),
(295, 'BUCHIANA', '37260', 'Punjab'),
(296, 'BUDHA GORAYA', '52356', 'Punjab'),
(297, 'BUDHAIR', '49410', 'Punjab'),
(298, 'BUDHIAL', '48050', 'Punjab'),
(299, 'BUDHLA SANT', '60060', 'Punjab'),
(300, 'BUET', '89120', 'Balochistan'),
(301, 'BUGHAL CHAR', '32310', 'Punjab'),
(302, 'BUKHTARABAD DOMKI', '81150', 'Balochistan'),
(303, 'BULANI', '50040', 'Punjab'),
(304, 'BULEDA', '92800', 'Balochistan'),
(305, 'BULLAND HILL', '40080', 'Punjab'),
(306, 'BULRI SHAH KARIM', '73020', 'Sindh'),
(307, 'BUNJI', '14200', 'Gilgit Baltistan'),
(308, 'BURCH BASUHA', '50970', 'Punjab'),
(309, 'BUREWALA', '61010', 'Punjab'),
(310, 'BUREWALA KATCHEHRY', '61040', 'Punjab'),
(311, 'BURHAN', '43710', 'Punjab'),
(312, 'BURJ MANDI', '37730', 'Punjab'),
(313, 'BUXAPUR', '79190', 'Sindh'),
(314, 'BUZDAR', '66130', 'Sindh'),
(315, 'BUZURANG WAL', '50930', 'Punjab'),
(316, 'CANAL COLONY FAROOQ ABAD', '39510', 'Punjab'),
(317, 'CH0WK SARWAR SHAHEED', '34030', 'Punjab'),
(318, 'CHABCHHAB', '43050', 'Punjab'),
(319, 'CHACHAN', '12040', 'Azad Kashmir'),
(320, 'CHACHRAN SHARIF', '64140', 'Punjab'),
(321, 'CHACHRO', '69170', 'Sindh'),
(322, 'CHAGHI', '95120', 'Balochistan'),
(323, 'CHAH MIRAN', '54900', 'Punjab'),
(324, 'CHAK', '78050', 'Sindh'),
(325, 'CHAK 10 M.L.', '40530', 'Punjab'),
(326, 'CHAK 102/P', '64220', 'Punjab'),
(327, 'CHAK 103 JB', '37720', 'Punjab'),
(328, 'CHAK 103 RB', '37660', 'Punjab'),
(329, 'CHAK 111 SB', '40260', 'Punjab'),
(330, 'CHAK 113 GB', '37570', 'Punjab'),
(331, 'CHAK 117 JB', '37600', 'Punjab'),
(332, 'CHAK 117/D.B', '63230', 'Punjab'),
(333, 'CHAK 117/M', '62004', 'Punjab'),
(334, 'CHAK 119/13-AL', '57340', 'Punjab'),
(335, 'CHAK 120/13-AL', '57330', 'Punjab'),
(336, 'CHAK 120/9-L', '57130', 'Punjab'),
(337, 'CHAK 128 GB', '37220', 'Punjab'),
(338, 'CHAK 132/6-R', '62070', 'Punjab'),
(339, 'CHAK 136/10-R', '58220', 'Punjab'),
(340, 'CHAK 138/10 R', '58202', 'Punjab'),
(341, 'CHAK 145/9-L', '57180', 'Punjab'),
(342, 'CHAK 159 GB', '36150', 'Punjab'),
(343, 'CHAK 16 JB', '37740', 'Punjab'),
(344, 'CHAK 168/9-L', '57230', 'Punjab'),
(345, 'CHAK 175 /JB', '35310', 'Punjab'),
(346, 'CHAK 189 RB (RASULPUR)', '37690', 'Punjab'),
(347, 'CHAK 199 RB', '37620', 'Punjab'),
(348, 'CHAK 203 RB', '37610', 'Punjab'),
(349, 'CHAK 206 GB', '37040', 'Punjab'),
(350, 'CHAK 207 GB', '37050', 'Punjab'),
(351, 'CHAK 227/R-9', '62030', 'Punjab'),
(352, 'CHAK 229 RB', '38220', 'Punjab'),
(353, 'CHAK 248 RB', '37420', 'Punjab'),
(354, 'CHAK 253 RB', '37400', 'Punjab'),
(355, 'CHAK 256 GB', '36080', 'Punjab'),
(356, 'CHAK 257 RB', '37410', 'Punjab'),
(357, 'CHAK 267 RB', '37360', 'Punjab'),
(358, 'CHAK 271 RB', '38230', 'Punjab'),
(359, 'CHAK 275 J.B', '37530', 'Punjab'),
(360, 'CHAK 29 S.B.', '40310', 'Punjab'),
(361, 'CHAK 297/HR', '62024', 'Punjab'),
(362, 'CHAK 316 GB QADIR ABAD', '36000', 'Punjab'),
(363, 'CHAK 327 GB', '35012', 'Punjab'),
(364, 'CHAK 333 GB', '36330', 'Punjab'),
(365, 'CHAK 34 N.B.', '40330', 'Punjab'),
(366, 'CHAK 353 GB', '37224', 'Punjab'),
(367, 'CHAK 36 S.B.', '40060', 'Punjab'),
(368, 'CHAK 387 GB', '36260', 'Punjab'),
(369, 'CHAK 4/DB', '42060', 'Punjab'),
(370, 'CHAK 41', '68122', 'Sindh'),
(371, 'CHAK 424/JB', '36160', 'Punjab'),
(372, 'CHAK 433 GB', '37180', 'Punjab'),
(373, 'CHAK 447 GB', '37130', 'Punjab'),
(374, 'CHAK 45 GB', '37340', 'Punjab'),
(375, 'CHAK 46 S.B.', '40050', 'Punjab'),
(376, 'CHAK 47/T.D.A.', '30050', 'Punjab'),
(377, 'CHAK 482 GB (JAGRANWAN)', '37060', 'Punjab'),
(378, 'CHAK 490', '35110', 'Punjab'),
(379, 'CHAK 53/2-L', '56316', 'Punjab'),
(380, 'CHAK 583 GB', '38240', 'Punjab'),
(381, 'CHAK 59 JB', '38210', 'Punjab'),
(382, 'CHAK 64 S.B', '40140', 'Punjab'),
(383, 'CHAK 66 GB', '37230', 'Punjab'),
(384, 'CHAK 67 JB', '37540', 'Punjab'),
(385, 'CHAK 67 ML', '30052', 'Punjab'),
(386, 'CHAK 69/4-R', '62080', 'Punjab'),
(387, 'CHAK 85/6 R (KOT KHADIM ALI SHAH)', '57070', 'Punjab'),
(388, 'CHAK 86 S.B.', '40300', 'Punjab'),
(389, 'CHAK 88 S.B.', '40270', 'Punjab'),
(390, 'CHAK 90/9-L', '57030', 'Punjab'),
(391, 'CHAK 90/ML', '31000', 'Punjab'),
(392, 'CHAK 91/6-R', '57100', 'Punjab'),
(393, 'CHAK 98/GB', '37290', 'Punjab'),
(394, 'CHAK AKKA', '49460', 'Punjab'),
(395, 'CHAK BAQAR SHAH', '48860', 'Punjab'),
(396, 'CHAK BEDI', '57440', 'Punjab'),
(397, 'CHAK BELI KHAN', '47600', 'Punjab'),
(398, 'CHAK BHAUN', '48694', 'Punjab'),
(399, 'CHAK DADAN', '28490', 'Khyber Pakhtunkhwa'),
(400, 'CHAK DAULAT', '49520', 'Punjab'),
(401, 'CHAK DHAMNI', '12380', 'Azad Kashmir'),
(402, 'CHAK JANI', '49102', 'Punjab'),
(403, 'CHAK JANO KHURD', '50310', 'Punjab'),
(404, 'CHAK JHUMRA', '37700', 'Punjab'),
(405, 'CHAK KAMALA', '50840', 'Punjab'),
(406, 'CHAK MALOOK', '48770', 'Punjab'),
(407, 'CHAK MUBARAK', '40520', 'Punjab'),
(408, 'CHAK MUHAMMAD', '50120', 'Punjab'),
(409, 'CHAK NO. 1', '50350', 'Punjab'),
(410, 'CHAK NO.270 TDA', '31250', 'Punjab'),
(411, 'CHAK NO.279 TDA', '31400', 'Punjab'),
(412, 'CHAK NO.36/2L', '56330', 'Punjab'),
(413, 'CHAK NO.49/3R', '56320', 'Punjba'),
(414, 'CHAK NO.73/5-L (MOGHAL)', '57430', 'Punjab'),
(415, 'CHAK RAM DAS', '40520', 'Punjab'),
(416, 'CHAK SAWARI', '10500', 'Azad Kashmir'),
(417, 'CHAK SHAFI', '57150', 'Punjab'),
(418, 'CHAK YANI', '77320', 'Sindh'),
(419, 'CHAK-186', '30004', 'Punjab'),
(420, 'CHAK-379/WB', '60030', 'Punjab'),
(421, 'CHAK-5/11L', '57174', 'Punjab'),
(422, 'CHAKDARA', '18800', 'Khyber Pakhtunkhwa'),
(423, 'CHAKIA', '21270', 'Khyber Pakhtunkhwa'),
(424, 'CHAKISAR', '19090', 'Khyber Pakhtunkhwa'),
(425, 'CHAKLALA VILLAGE', '46202', 'Punjab'),
(426, 'CHAKORA', '48930', 'Punjab'),
(427, 'CHAKOTHI', '13240', 'Azad Kashmir'),
(428, 'CHAKRAL', '48840', 'Punjab'),
(429, 'CHAKRALA', '42230', 'Punjab'),
(430, 'CHAKRALI BUDHAL', '47476', 'Punjab'),
(431, 'CHAKRI', '49730', 'Punjab'),
(432, 'CHAKRI', '47300', 'Punjab'),
(433, 'CHAKWAL GPO', '48800', 'Punjab'),
(434, 'CHAL NO.127/EB', '57490', 'Punjab'),
(435, 'CHALT', '15500', 'Gilgit Baltistan'),
(436, 'CHAMAN', '86000', 'Balochistan'),
(437, 'CHAMANKOT', '12630', 'Azad Kashmir'),
(438, 'CHAMATTI', '22130', 'Khyber Pakhtunkhwa'),
(439, 'CHAMBER', '70080', 'Sindh'),
(440, 'CHAMHAD', '22730', 'Khyber Pakhtunkhwa'),
(441, 'CHAMKANI', '24350', 'Khyber Pakhtunkhwa'),
(442, 'CHAMLI', '48682', 'Punjab'),
(443, 'CHAMROK', '89130', 'Balochistan'),
(444, 'CHAMYALI', '22160', 'Khyber Pakhtunkhwa'),
(445, 'CHANDKA MEDICAL COLLEGE LARKANA', '77170', 'Sindh'),
(446, 'CHANDO MAIRA', '22540', 'Khyber Pakhtunkhwa'),
(447, 'CHANG', '66300', 'Sindh'),
(448, 'CHANGA', '48240', 'Punjab'),
(449, 'CHANGA BANGIAL', '49764', 'Punjab'),
(450, 'CHANGLA GALI', '22320', 'Khyber Pakhtunkhwa'),
(451, 'CHANI GOTH', '63450', 'Punjab'),
(452, 'CHAPRAR', '51270', 'Punjab'),
(453, 'CHAPRI', '42110', 'Punjab'),
(454, 'CHARBAGH', '19120', 'Khyber Pakhtunkhwa'),
(455, 'CHARHOI', '11250', 'Azad Kashmir'),
(456, 'CHARSADDA GPO', '24420', 'Khyber Pakhtunkhwa'),
(457, 'CHASHMA BARRAGE COLONY MIANWALI', '42030', 'Punjab'),
(458, 'CHATAR PLAIN', '21070', 'Khyber Pakhtunkhwa'),
(459, 'CHATTAR', '80800', 'Balochistan'),
(460, 'CHATTAR KHAND', '15210', 'Gilgit Baltistan'),
(461, 'CHAUNTRA', '47590', 'Punjab'),
(462, 'CHAWINDA', '51420', 'Punjab'),
(463, 'CHAWK AZAM', '31450', 'Punjab'),
(464, 'CHECHIAN', '10350', 'Azad Kashmir'),
(465, 'CHELLIAN WALA', '50360', 'Punjab'),
(466, 'CHENAB NAGAR', '35460', 'Punjab'),
(467, 'CHENARI', '13190', 'Azad Kashmir'),
(468, 'CHERAT', '24280', 'Khyber Pakhtunkhwa'),
(469, 'CHHAB', '43270', 'Punjab'),
(470, 'CHHANGA MANGA', '55200', 'Punjab'),
(471, 'CHHANI REKI', '10404', 'Azad Kashmir'),
(472, 'CHHATTROH', '10320', 'Azad Kashmir'),
(473, 'CHHIDROO', '42260', 'Punjab'),
(474, 'CHHONAWALA', '63020', 'Punjab'),
(475, 'CHHOR', '69090', 'Sindh'),
(476, 'CHICHAWATNI', '57200', 'Punjab'),
(477, 'CHIK BUDHAL', '47882', 'Punjab'),
(478, 'CHIKAR', '13170', 'Azad Kashmir'),
(479, 'CHILAM', '14400', 'Gilgit Baltistan'),
(480, 'CHILAS (LSG)', '14100', 'Gilgit Baltistan'),
(481, 'CHINIOT', '35400', 'Punjab'),
(482, 'CHINJI', '48280', 'Punjab'),
(483, 'CHIRAH', '45680', 'Federal Capital'),
(484, 'CHIRALA', '12620', 'Azad Kashmir'),
(485, 'CHISHMA RIGHT BANK CANAL D.I KHAN', '29190', 'Khyber Pakhtunkhwa'),
(486, 'CHISHTIAN', '62350', 'Punjab'),
(487, 'CHITRAL GPO', '17200', 'Khyber Pakhtunkhwa'),
(488, 'CHITTA BATTA', '21304', 'Khyber Pakhtunkhwa'),
(489, 'CHITTA MORE', '47120', 'Punjab'),
(490, 'CHITTER PARI', '10230', 'Azad Kashmir'),
(491, 'CHOA SAIDAN SHAH', '48320', 'Punjab'),
(492, 'CHOBARA', '51450', 'Punjab'),
(493, 'CHOHA KHALSA', '47470', 'Punjab'),
(494, 'CHOHAN', '48920', 'Punjab'),
(495, 'CHOHAN', '21062', 'Khyber Pakhtunkhwa'),
(496, 'CHOKARA', '27300', 'Khyber Pakhtunkhwa'),
(497, 'CHOPALA', '50790', 'Punjab'),
(498, 'CHOTALA', '49710', 'Punjab'),
(499, 'CHOTI', '32380', 'Punjab'),
(500, 'CHOTTA GALA', '12260', 'Azad Kashmir'),
(501, 'CHOUBARA', '31500', 'Punjab'),
(502, 'CHOUDHWAN', '29330', 'Khyber Pakhtunkhwa'),
(503, 'CHOWK GIROTE', '41024', 'Punjab'),
(504, 'CHOWK METHLA', '61172', 'Punjab'),
(505, 'CHOWK PINDORI', '47530', 'Punjab'),
(506, 'CHOWKI', '10080', 'Azad Kashmir'),
(507, 'CHOWKI MONG', '11190', 'Azad Kashmir'),
(508, 'CHUHANG', '53800', 'Punjab'),
(509, 'CHUHAR JAMALI', '73070', 'Sindh'),
(510, 'CHUND BHARWANA', '35500', 'Punjab'),
(511, 'CHUNDIKO', '66062', 'Sindh'),
(512, 'CHUNIAN', '55220', 'Punjab'),
(513, 'CHUPRIAL', '19044', 'Khyber Pakhtunkhwa'),
(514, 'CHUTIALI SHAFIR', '84100', 'Balochistan'),
(515, 'CIVIC CENTRE HUB', '90260', 'Balochistan'),
(516, 'CLARKABAD', '55190', 'Punjab'),
(517, 'CONSOLIDATED SUGAR MILLS RANI PUR', '66104', 'Sindh'),
(518, 'D.G KHAN SECONDARY BOARD', '32260', 'Punjab'),
(519, 'D.G.KHAN CEMENT FACTORY', '32250', 'Punjab'),
(520, 'D.I KHAN AGRICULTURAL RESEARCH CENTER', '29120', 'Khyber Pakhtunkhwa'),
(521, 'D.I KHAN POLYTECHNICAL INSTITUTE', '29090', 'Khyber Pakhtunkhwa'),
(522, 'DAB BEGU KHEL', '27900', 'Khyber Pakhtunkhwa'),
(523, 'DAD LAGHARI', '65052', 'Sindh'),
(524, 'DADAR', '21160', 'Khyber Pakhtunkhwa'),
(525, 'DADU GPO', '76200', 'Sindh'),
(526, 'DADU SUGAR MILL (PIARO GOTH)', '76230', 'Sindh'),
(527, 'DADYAL KHURD', '10530', 'Azad Kashmir'),
(528, 'DAGAI BANDA', '24200', 'Khyber Pakhtunkhwa'),
(529, 'DAGAR NARI', '26410', 'Khyber Pakhtunkhwa'),
(530, 'DAGGAR', '17290', 'Khyber Pakhtunkhwa'),
(531, 'DAGHONI', '16750', 'Gilgit Baltistan'),
(532, 'DAHGAL', '47310', 'Punjab'),
(533, 'DAHRAN WALA', '62380', 'Punjab'),
(534, 'DAJAL', '33100', 'Punjab'),
(535, 'DAK ISMAIL KHEL', '24260', 'Khyber Pakhtunkhwa'),
(536, 'DAKHAN', '78040', 'Sindh'),
(537, 'DAKHNAIR', '43080', 'Punjab'),
(538, 'DALBANDIN', '95100', 'Balochistan'),
(539, 'DALELPUR', '48312', 'Punjab'),
(540, 'DALLOWALI', '51320', 'Punjab'),
(541, 'DALOLA', '22190', 'Khyber Pakhtunkhwa'),
(542, 'DALOLA', '22190', 'Khyber Pakhtunkhwa'),
(543, 'DALU KHEL', '28530', 'Khyber Pakhtunkhwa'),
(544, 'DALWAL', '48360', 'Punjab'),
(545, 'DAMORI', '19204', 'Khyber Pakhtunkhwa'),
(546, 'DAMSUM', '16910', 'Gilgit Baltistan'),
(547, 'DANDA SHAH BALAWAL', '48230', 'Punjab'),
(548, 'DANDI SURHALI', '48042', 'Punjab'),
(549, 'DANDOT', '48310', 'Punjab'),
(550, 'DANDOT RAILWAY STATION', '49064', 'Punjab'),
(551, 'DANYORE', '15110', 'Gilgit Baltistan'),
(552, 'DARA ADAM KHEL', '26100', 'Khyber Pakhtunkhwa'),
(553, 'DARA MANIAL', '18400', 'Khyber Pakhtunkhwa'),
(554, 'DARA PEZU', '28470', 'Khyber Pakhtunkhwa'),
(555, 'DARABAN', '29310', 'Khyber Pakhtunkhwa'),
(556, 'DARAIN', '34380', 'Punjab'),
(557, 'DARASON', '17060', 'Khyber Pakhtunkhwa'),
(558, 'DARAZINDA', '29340', 'Khyber Pakhtunkhwa'),
(559, 'DARBAND', '21460', 'Khyber Pakhtunkhwa'),
(560, 'DARBELO', '67070', 'Sindh'),
(561, 'DARGAI', '23060', 'Khyber Pakhtunkhwa'),
(562, 'DARORA', '18150', 'Khyber Pakhtunkhwa'),
(563, 'DAROTE', '48154', 'Punjab'),
(564, 'DARRO', '73040', 'Sindh'),
(565, 'DARYA KHAN MARI', '67390', 'Sindh'),
(566, 'DARYA KHAN RAILWAY STATION', '30100', 'Punjab'),
(567, 'DASKA', '51010', 'Punjab'),
(568, 'DASSU', '20100', 'Khyber Pakhtunkhwa'),
(569, 'DASUHA', '37430', 'Punjab'),
(570, 'DATA KHEL', '28220', 'Khyber Pakhtunkhwa'),
(571, 'DATOOT', '12440', 'Azad Kashmir'),
(572, 'DAUD KHEL', '42320', 'Punjab'),
(573, 'DAUD ZAI', '24400', 'Khyber Pakhtunkhwa'),
(574, 'DAULAT NAGAR', '50910', 'Punjab'),
(575, 'DAULATPUR', '67190', 'Sindh'),
(576, 'DAULTALA', '47740', 'Punjab'),
(577, 'DAUR', '67410', 'Sindh'),
(578, 'DAVLAI', '19070', 'Khyber Pakhtunkhwa'),
(579, 'DAWARANDI', '12164', 'Azad Kashmir'),
(580, 'DAWOOD ABAD', '61050', 'Punjab'),
(581, 'DAWOODPUR', '43700', 'Punjab'),
(582, 'DEAR MURAD JAMALI', '80700', 'Balochistan'),
(583, 'DEH-22 JAMRO', '68214', 'Sindh'),
(584, 'DEPALPUR', '56180', 'Punjab'),
(585, 'DERA GHAZI KHAN GPO', '32200', 'Punjab'),
(586, 'DERA ISMAIL KHAN GPO', '29050', 'Khyber Pakhtunkhwa'),
(587, 'DERA ALLAYYAR', '80500', 'Balochistan'),
(588, 'DERA BAKHA', '63070', 'Punjab'),
(589, 'DERA BUGTI', '80100', 'Balochistan'),
(590, 'DERA DIN PANAH', '34010', 'Punjab'),
(591, 'DERA TOWN SHIP', '29060', 'Khyber Pakhtunkhwa'),
(592, 'DEVAL', '23490', 'Khyber Pakhtunkhwa'),
(593, 'DEVI', '47784', 'Punjab'),
(594, 'DEVNA MANDI (BASCO)', '50600', 'Punjab'),
(595, 'DEWAL', '47194', 'Punjab'),
(596, 'DEWALIAN', '48820', 'Punjab'),
(597, 'DEWAN SHARIF GORAH', '12060', 'Azad Kashmir'),
(598, 'DEWAN SUGAR MILLS THATTA', '73052', 'Sindh'),
(599, 'DEWAN SULEMAN FAROOQ INDUSTRIAL AREA', '22870', 'Khyber Pakhtunkhwa'),
(600, 'DHABEJI', '73200', 'Sindh'),
(601, 'DHADAR', '81400', 'Balochistan'),
(602, 'DHADHAR', '41122', 'Punjab'),
(603, 'DHAIWAL', '49200', 'Punjab'),
(604, 'DHAKHI', '24506', 'Khyber Pakhtunkhwa'),
(605, 'DHAMALI', '47450', 'Punjab'),
(606, 'DHAMAWA', '10460', 'Azad Kashmir'),
(607, 'DHAMTAUR', '22200', 'Khyber Pakhtunkhwa'),
(608, 'DHAMTHAL', '51660', 'Punjab'),
(609, 'DHANDA', '47240', 'Punjab'),
(610, 'DHANDAR KALAN', '10038', 'Azad Kashmir'),
(611, 'DHANOT', '59330', 'Punjab'),
(612, 'DHARABI', '48624', 'Punjab'),
(613, 'DHARIAL KAHOON', '48340', 'Punjab'),
(614, 'DHARIALA JALAP', '49080', 'Punjab'),
(615, 'DHARIMA', '40370', 'Punjab'),
(616, 'DHARKI', '65010', 'Sindh'),
(617, 'DHARNUGGI', '48902', 'Punjab'),
(618, 'DHARUKNA', '48564', 'Punjab'),
(619, 'DHARYALA SEHGAL', '47510', 'Punjab'),
(620, 'DHAULAR', '48062', 'Punjab'),
(621, 'DHEEDWAL', '48516', 'Punjab'),
(622, 'DHERI ALLA DHAND', '23010', 'Khyber Pakhtunkhwa'),
(623, 'DHERI SYDAN', '48332', 'Punjab'),
(624, 'DHERI WATTAN', '10042', 'Azad Kashmir'),
(625, 'DHERMOND', '48180', 'Punjab'),
(626, 'DHIBA KAR SIAL', '42232', 'Punjab'),
(627, 'DHIDWAL', '48500', 'Punjab'),
(628, 'DHILL BAGH', '35300', 'Punjab'),
(629, 'DHIRKOT', '12600', 'Azad Kashmir'),
(630, 'DHIRKOT SATTIAN', '47234', 'Punjab'),
(631, 'DHODA', '48912', 'Punjab'),
(632, 'DHODHA SHARIF', '50892', 'Punjab'),
(633, 'DHOK LAHM', '43250', 'Punjab'),
(634, 'DHOKE BIDDER', '49720', 'Punjab'),
(635, 'DHOKE MASAHIB', '48182', 'Punjab'),
(636, 'DHONG', '47770', 'Punjab'),
(637, 'DHONKAL', '52010', 'Punjab'),
(638, 'DHORIA', '50130', 'Punjab'),
(639, 'DHORO NARO', '69070', 'Sindh'),
(640, 'DHRIKAN KALAN', '50450', 'Punjab'),
(641, 'DHUDHI THALL', '49000', 'Punjab'),
(642, 'DHUDIAL (CHAKWAL)', '48700', 'Punjab'),
(643, 'DHUDIAL (MANSEHRA)', '21130', 'Khyber Pakhtunkhwa'),
(644, 'DHULLI', '12570', 'Azad Kashmir'),
(645, 'DHULLI', '48170', 'Punjab'),
(646, 'DHURNAKA', '42240', 'Punjab'),
(647, 'DHURNAL', '43366', 'Punjab'),
(648, 'DHURNAL', '48210', 'Punjab'),
(649, 'DIAL', '49310', 'Punjab'),
(650, 'DICH KOT', '37370', 'Punjab'),
(651, 'DIGARI', '88150', 'Balochistan'),
(652, 'DIGRI', '69330', 'Sindh'),
(653, 'DILAWAR FARM SARGANA', '61202', 'Punjab'),
(654, 'DILBORI', '21430', 'Khyber Pakhtunkhwa'),
(655, 'DILLEWALI', '42312', 'Punjab'),
(656, 'DIN PUR', '29100', 'Khyber Pakhtunkhwa'),
(657, 'DINA', '49400', 'Punjab'),
(658, 'DINGA', '50280', 'Punjab'),
(659, 'DIPLO', '69280', 'Sindh'),
(660, 'DIR', '18000', 'Khyber Pakhtunkhwa'),
(661, 'DISTRICT COURT LAKKI', '28250', 'Khyber Pakhtunkhwa'),
(662, 'DIWANI HAZOORI', '49240', 'Punjab'),
(663, 'DOABA', '26240', 'Khyber Pakhtunkhwa'),
(664, 'DOABA', '34382', 'Punjab'),
(665, 'DOBERAN KALAN', '47440', 'Punjab'),
(666, 'DOBIAN', '23330', 'Khyber Pakhtunkhwa'),
(667, 'DOGAI', '23340', 'Khyber Pakhtunkhwa'),
(668, 'DOKOTA', '61180', 'Punjab'),
(669, 'DOKRI', '77060', 'Sindh'),
(670, 'DOMEL', '43220', 'Punjab'),
(671, 'DOMEL (BANNU)', '28010', 'Khyber Pakhtunkhwa'),
(672, 'DOMELI', '49300', 'Punjab'),
(673, 'DR.AZIZULLAH SALAKZAI', '80310', 'Balochistan'),
(674, 'DRIGH COLONY', '75230', 'Sindh'),
(675, 'DRINGARH', '88230', 'Balochistan'),
(676, 'DROSH', '17220', 'Khyber Pakhtunkhwa'),
(677, 'DRUG', '84690', 'Balochistan'),
(678, 'DUBB', '42012', 'Punjab'),
(679, 'DUKKI', '84200', 'Balochistan'),
(680, 'DULLAN WALA', '50210', 'Punjab'),
(681, 'DULLEWALA', '30110', 'Punjab'),
(682, 'DULMIAL', '48330', 'Punjab'),
(683, 'DUMMAN', '48880', 'Punjab'),
(684, 'DUNGA BUNGA', '62110', 'Punjab'),
(685, 'DUNGA GALI', '22300', 'Khyber Pakhtunkhwa'),
(686, 'DUNYA PUR', '59120', 'Punjab'),
(687, 'DURNIYAN', '47262', 'Punjab'),
(688, 'ELLAHABAD', '55230', 'Punjab'),
(689, 'EMIN ABAD', '52460', 'Punjab'),
(690, 'EMIN ABAD MORE', '52450', 'Punjab'),
(691, 'EXPORT PROCESSING ZONE (KP-1863)', '75150', 'Sindh'),
(692, 'F.S.MILLS GAMBAT', '66080', 'Sindh'),
(693, 'FAISALABAD GPO', '38000', 'Punjab'),
(694, 'FAISALABAD AMIN PUR BANGLOW', '38200', 'Punjab'),
(695, 'FAISALABAD BOARD OF EDUCATION', '38004', 'Punjab'),
(696, 'FAISALABAD MADINA TOWN', '38860', 'Punjab'),
(697, 'FAISALABAD MILLAT COLONY', '38080', 'Punjab'),
(698, 'FAISALABAD MILLAT TOWN', '38070', 'Punjab'),
(699, 'FAISALABAD NISHAT ABAD', '38600', 'Punjab'),
(700, 'FAISALABAD NOOR PUR', '38700', 'Punjab'),
(701, 'FAISALABAD PEOPLES COLONY No.2', '38090', 'Punjab'),
(702, 'FAISALABAD PUNJAB MEDICAL COLLEGE', '38800', 'Punjab'),
(703, 'FAISALABAD SITARA COLONY', '38086', 'Punjab'),
(704, 'FAQIR WALI', '62050', 'Punjab'),
(705, 'FAREEDABAD', '76350', 'Sindh'),
(706, 'FARID TOWN SAHIWAL', '57050', 'Punjab'),
(707, 'FAROOKA', '40040', 'Punjab'),
(708, 'FAROOQABAD', '39520', 'Punjab'),
(709, 'FAROOQABAD MANDI', '39500', 'Punjab'),
(710, 'FATEH GARH', '51350', 'Punjab'),
(711, 'FATEH JANG', '43350', 'Punjab'),
(712, 'FATEH PUR', '50900', 'Punjab'),
(713, 'FATEH PUR', '31050', 'Punjab'),
(714, 'FATEHPUR', '19030', 'Khyber Pakhtunkhwa'),
(715, 'FAUJI SUGAR MILLS KHOSKI', '72260', 'Sindh'),
(716, 'FAZAL GARH', '34130', 'Punjab'),
(717, 'FAZAL NAGAR', '34210', 'Punjab'),
(718, 'FEROZ SONS NOWSHERA', '24160', 'Khyber Pakhtunkhwa'),
(719, 'FEROZ WATTAN', '39172', 'Punjab'),
(720, 'FEROZA', '64070', 'Punjab'),
(721, 'FERTILIZER FACTORY DHARKI', '65020', 'Sindh'),
(722, 'FILTER PLANT GHARO', '73220', 'Sindh'),
(723, 'FORT ABBAS', '62020', 'Punjab'),
(724, 'FORT IQBAL GARH', '29150', 'Khyber Pakhtunkhwa'),
(725, 'FORT MOROT', '62000', 'Punjab'),
(726, 'FORT MUNROO', '32320', 'Punjab'),
(727, 'FURMALI', '43540', 'Punjab'),
(728, 'GADA KHEL', '26352', 'Khyber Pakhtunkhwa'),
(729, 'GADANI', '90300', 'Balochistan'),
(730, 'GADOON AMAZAI', '23454', 'Khyber Pakhtunkhwa'),
(731, 'GAGGO', '61000', 'Punjab'),
(732, 'GAGGON', '43330', 'Punjab'),
(733, 'GAHKOOCH', '15200', 'Gilgit Baltistan'),
(734, 'GAJI KHUHAWAR', '77030', 'Sindh'),
(735, 'GALA KANIYATA', '12150', 'Azad Kashmir'),
(736, 'GALAY WALA', '60010', 'Punjab'),
(737, 'GAMANG', '22170', 'Khyber Pakhtunkhwa'),
(738, 'GAMBAT', '66070', 'Sindh'),
(739, 'GAMBEER', '22370', 'Khyber Pakhtunkhwa'),
(740, 'GAMSEER', '23040', 'Khyber Pakhtunkhwa'),
(741, 'GANDA KAS', '43370', 'Punjab'),
(742, 'GANDA SINGH WALA', '55100', 'Punjab'),
(743, 'GANDAF', '23480', 'Khyber Pakhtunkhwa'),
(744, 'GANDAKHA', '80400', 'Balochistan'),
(745, 'GANDAWA', '81050', 'Balochistan'),
(746, 'GANGA PUR', '37280', 'Punjab'),
(747, 'GANJ MOHALLA', '85230', 'Balochistan'),
(748, 'GARAHI DUPATTA', '13150', 'Azad Kashmir'),
(749, 'GARAM CHASHMA', '17130', 'Khyber Pakhtunkhwa'),
(750, 'GARELO', '77120', 'Sindh'),
(751, 'GARH', '37110', 'Punjab'),
(752, 'GARH MAHA RAJA', '35080', 'Punjab'),
(753, 'GARH MAHAL', '49360', 'Punjab'),
(754, 'GARHA MORE', '61150', 'Punjab'),
(755, 'GARHI KAPURA', '23310', 'Khyber Pakhtunkhwa'),
(756, 'GARHI KHAIRO', '79050', 'Sindh'),
(757, 'GARHO', '73242', 'Sindh'),
(758, 'GARI YASIN', '78150', 'Sindh'),
(759, 'GARMANARA', '23550', 'Khyber Pakhtunkhwa'),
(760, 'GAS TARBINE POWER MUZAFFARGARH', '34060', 'Punjab'),
(761, 'GATAL', '48220', 'Punjab'),
(762, 'GATHER', '77212', 'Sindh'),
(763, 'GAWADAR', '91200', 'Balochistan'),
(764, 'GHAKHAR', '52200', 'Punjab'),
(765, 'GHALEGI', '19230', 'Khyber Pakhtunkhwa'),
(766, 'GHALNAI', '24650', 'Khyber Pakhtunkhwa'),
(767, 'GHARGOCHHO', '67360', 'Sindh'),
(768, 'GHARI HABIBULLAH', '21240', 'Khyber Pakhtunkhwa'),
(769, 'GHARI KHUDA BUX BHUTTO', '77340', 'Sindh'),
(770, 'GHARIAI', '47184', 'Punjab'),
(771, 'GHARIBABAD', '23166', 'Khyber Pakhtunkhwa'),
(772, 'GHARIBWAL CEMENT', '49090', 'Punjab'),
(773, 'GHARO', '73210', 'Sindh'),
(774, 'GHARTAL', '51090', 'Punjab'),
(775, 'GHAZI', '22860', 'Khyber Pakhtunkhwa'),
(776, 'GHAZI ABAD', '48808', 'Punjab'),
(777, 'GHAZI ABAD', '57210', 'Punjab'),
(778, 'GHAZIAL', '48914', 'Punjab'),
(779, 'GHAZNI KHEL', '28450', 'Khyber Pakhtunkhwa'),
(780, 'GHORA GALI', '47110', 'Punjab'),
(781, 'GHORI WALA', '28330', 'Khyber Pakhtunkhwa'),
(782, 'GHORIKOT', '14350', 'Gilgit Baltistan'),
(783, 'GHOTKI', '65110', 'Sindh'),
(784, 'GHOUS PUR', '79180', 'Sindh'),
(785, 'GHOWARI', '16720', 'Gilgit Baltistan'),
(786, 'GHULAM ISHAQ KHAN INSTITUTE', '23640', 'Khyber Pakhtunkhwa'),
(787, 'GHULAM KHAN DHANI', '79130', 'Sindh'),
(788, 'GHULAM MUHAMMAD ABAD', '38900', 'Punjab'),
(789, 'GHUNDI', '42302', 'Punjab'),
(790, 'GHUNDI MIR KHAN', '27220', 'Khyber Pakhtunkhwa'),
(791, 'GHUNIKE', '51040', 'Punjab'),
(792, 'GIDDU BARRAGE', '79220', 'Sindh'),
(793, 'GIL ACRI', '36270', 'Punjab'),
(794, 'GILGIT GPO', '15100', 'Gilgit Baltistan'),
(795, 'GIROTE', '41020', 'Punjab'),
(796, 'GOGERA', '56200', 'Punjab'),
(797, 'GOHADAPUR', '51360', 'Punjab'),
(798, 'GOHKEER', '17070', 'Khyber Pakhtunkhwa'),
(799, 'GOJRA', '50500', 'Punjab'),
(800, 'GOJRA', '36120', 'Punjab'),
(801, 'GOJRA MORE', '36282', 'Punjab'),
(802, 'GOLRA', '45200', 'Federal Capital'),
(803, 'GOMA', '16920', 'Gilgit Baltistan'),
(804, 'GOMAL BAZAR', '29410', 'Khyber Pakhtunkhwa'),
(805, 'GOMAL UNIVERSITY NEW CAMPUS', '29220', 'Khyber Pakhtunkhwa'),
(806, 'GONDAL', '51370', 'Punjab'),
(807, 'GONDAL (SARGODHA)', '40216', 'Punjab'),
(808, 'GONDALAN WALA', '52310', 'Punjab'),
(809, 'GOTH CHAUDHARY SHAH NAWAZ', '67220', 'Sindh'),
(810, 'GOTH SHAHNAWAZ', '70030', 'Sindh'),
(811, 'GOTRIALA', '50182', 'Punjab'),
(812, 'GUDWALIAN', '22830', 'Khyber Pakhtunkhwa'),
(813, 'GUJAR KHAN GPO', '47850', 'Punjab'),
(814, 'GUJAR GARHI', '23170', 'Khyber Pakhtunkhwa'),
(815, 'GUJRANWALA GPO', '52250', 'Punjab'),
(816, 'GUJRANWALA ANWAR INDUSTRIES', '52300', 'Punjab'),
(817, 'GUJRANWALA CANTT', '52230', 'Punjab'),
(818, 'GUJRANWALA CLIMAX ABAD', '52290', 'Punjab'),
(819, 'GUJRANWALA PEOPLES COLONY', '52260', 'Punjab'),
(820, 'GUJRANWALA SECONDARY BOARD', '52256', 'Punjab'),
(821, 'GUJRAT GPO', '50700', 'Punjab'),
(822, 'GUJRAT (MARDAN)', '23350', 'Khyber Pakhtunkhwa'),
(823, 'GUJRAT (MUZAFFARGARH)', '34120', 'Punjab'),
(824, 'GUJRI', '68120', 'Sindh'),
(825, 'GUL IMAM', '29420', 'Khyber Pakhtunkhwa'),
(826, 'GULABPUR', '16310', 'Gilgit Baltistan'),
(827, 'GULEHRA GALI', '47220', 'Punjab'),
(828, 'GULGASHT COLONY', '60700', 'Punjab'),
(829, 'GULIANA', '50160', 'Punjab'),
(830, 'GULKADA (DISTT. COURT)', '19132', 'Khyber Pakhtunkhwa'),
(831, 'GULMIT', '15750', 'Gilgit Baltistan'),
(832, 'GULPUR', '11030', 'Azad Kashmir'),
(833, 'GULYANA', '47880', 'Punjab'),
(834, 'GUNNI MALNI', '11150', 'Azad Kashmir'),
(835, 'GUPCHANI', '67510', 'Sindh'),
(836, 'GUPIS', '15300', 'Gilgit Baltistan'),
(837, 'GURGUSHTI', '43410', 'Punjab'),
(838, 'HABERI', '67420', 'Sindh'),
(839, 'HABIB ABAD', '26060', 'Khyber Pakhtunkhwa'),
(840, 'HABIBABAD', '86220', 'Balochistan'),
(841, 'HADALI', '41210', 'Punjab'),
(842, 'HADOWALI', '43040', 'Punjab'),
(843, 'HAFIZ ABAD', '52110', 'Punjab'),
(844, 'HAIDERABAD (BHAKKAR)', '30030', 'Punjab'),
(845, 'HAJEERA', '12160', 'Azad Kashmir'),
(846, 'HAJI ABAD', '21100', 'Khyber Pakhtunkhwa'),
(847, 'HAJI SHAHER', '81300', 'Balochistan'),
(848, 'HAJIWALA', '50890', 'Punjab'),
(849, 'HALA', '70120', 'Sindh'),
(850, 'HALA OLD', '70130', 'Sindh'),
(851, 'HALEJI SHARIF', '65140', 'Sindh'),
(852, 'HALLI', '22580', 'Khyber Pakhtunkhwa'),
(853, 'HAMEED', '43470', 'Punjab'),
(854, 'HANESAR', '47340', 'Punjab'),
(855, 'HANGU', '26190', 'Khyber Pakhtunkhwa'),
(856, 'HANGU POLICE TRAINING SCHOOL', '26180', 'Khyber Pakhtunkhwa'),
(857, 'HANUMAN GARH', '58110', 'Punjab'),
(858, 'HARAKA', '47652', 'Punjab'),
(859, 'HARAN PUR', '49050', 'Punjab'),
(860, 'HARAPPA CITY', '57170', 'Punjab'),
(861, 'HARAPPA RAILWAY STATION', '57160', 'Punjab'),
(862, 'HARI CHAND', '24520', 'Khyber Pakhtunkhwa'),
(863, 'HARICHIN', '17030', 'Khyber Pakhtunkhwa'),
(864, 'HARIGHEL', '12480', 'Azad Kashmir'),
(865, 'HARIPUR GPO', '22620', 'Khyber Pakhtunkhwa'),
(866, 'HARIPUR CENTRAL JAIL', '22640', 'Khyber Pakhtunkhwa'),
(867, 'HARIPUR TELEPHONE FACTORY', '22630', 'Khyber Pakhtunkhwa'),
(868, 'HARNAI', '82300', 'Balochistan'),
(869, 'HARNOLI', '42020', 'Punjab'),
(870, 'HAROON ABAD', '62100', 'Punjab'),
(871, 'HASAN ABDAL', '43730', 'Punjab'),
(872, 'HASHIMABAD', '73150', 'Sindh'),
(873, 'HASIL', '48740', 'Punjab'),
(874, 'HASIL PUR MANDI', '63000', 'Punjab'),
(875, 'HASLANWALA', '50290', 'Punjab'),
(876, 'HATHEJI', '63320', 'Punjab'),
(877, 'HATHIAN', '23120', 'Khyber Pakhtunkhwa'),
(878, 'HATHUNGO', '68350', 'Sindh'),
(879, 'HATTAR', '43394', 'Punjab'),
(880, 'HATTAR INDUSTRIAL ESTATE', '22610', 'Khyber Pakhtunkhwa'),
(881, 'HATTIAN', '43580', 'Punjab'),
(882, 'HATTIAN BALA', '13180', 'Azad Kashmir'),
(883, 'HAVELI BAHADUR SHAH', '35150', 'Punjab'),
(884, 'HAVELI LAKKHA', '56020', 'Punjab'),
(885, 'HAVELIAN', '22500', 'Khyber Pakhtunkhwa'),
(886, 'HAVELIAN AMMUNATION DEPOT', '22520', 'Khyber Pakhtunkhwa'),
(887, 'HAYATABAD (PHASE-I)', '25100', 'Khyber Pakhtunkhwa'),
(888, 'HAYATABAD PHASE-II', '25124', 'Khyber Pakhtunkhwa'),
(889, 'HAYDER JATOI', '77100', 'Sindh'),
(890, 'HAZAR GANGI', '87320', 'Balochistan'),
(891, 'HAZARA UNIVERSITY', '21120', 'Khyber Pakhtunkhwa'),
(892, 'HAZOORPUR', '40542', 'Punjab'),
(893, 'HAZRO', '43440', 'Punjab'),
(894, 'HEAD RAJKAN', '63236', 'Punjab'),
(895, 'HEAVY MECHANICAL COMPLEX TAXILA', '47050', 'Punjab'),
(896, 'HELAN', '50440', 'Punjab'),
(897, 'HERDOGHER', '45800', 'Federal Capital'),
(898, 'HINGORAJA', '66190', 'Sindh'),
(899, 'HODIGRAM', '19220', 'Khyber Pakhtunkhwa'),
(900, 'HOSHAB', '92910', 'Balochistan'),
(901, 'HUB CHOWKI', '90250', 'Balochistan'),
(902, 'HUJJAN', '40560', 'Punjab'),
(903, 'HUJRA', '56170', 'Punjab'),
(904, 'HURNAMAIRA', '12410', 'Azad Kashmir'),
(905, 'HURRAM ZAI', '86710', 'Balochistan'),
(906, 'HUSRI', '70210', 'Sindh'),
(907, 'HUSSAIN ABAD', '41010', 'Punjab'),
(908, 'HUSSAIN KOT', '12270', 'Azad Kashmir'),
(909, 'HUSSAINABAD', '28108', 'Khyber Pakhtunkhwa'),
(910, 'HUSSAINABAD', '16250', 'Gilgit Baltistan'),
(911, 'HYDERABAD GPO', '71000', 'Sindh'),
(912, 'HYDERABAD CANTT.', '71110', 'Sindh'),
(913, 'HYDERABAD CITY', '71500', 'Sindh'),
(914, 'HYDERABAD TOWN SARGODHA', '40340', 'Punjab'),
(915, 'HYSONS SUGAR MILLS JETHA BHUTTA', '64080', 'Punjab'),
(916, 'IKHLAS', '43240', 'Punjab'),
(917, 'IKHLASPUR', '51830', 'Punjab'),
(918, 'INAITI', '63090', 'Punjab'),
(919, 'INDUSTRIAL ESTATE', '60900', 'Punjab'),
(920, 'INFANTORY SCHOOL', '87750', 'Balochistan'),
(921, 'INJRA', '43020', 'Punjab'),
(922, 'INZAR BANDA', '27500', 'Khyber Pakhtunkhwa'),
(923, 'IQBAL NAGAR', '57350', 'Punjab'),
(924, 'IQBALABAD', '64310', 'Punjab'),
(925, 'ISA KHEL', '28424', 'Khyber Pakhtunkhwa'),
(926, 'ISA KHEL', '42430', 'Punjab'),
(927, 'ISKANDAR ABAD', '42340', 'Punjab'),
(928, 'ISLAM KOT', '69240', 'Sindh'),
(929, 'ISLAMABAD GPO', '44000', 'Federal Capital'),
(930, 'ISLAMABAD AIWAN-E-SADDAR', '44040', 'Federal Capital'),
(931, 'ISLAMABAD ALLAMA IQBAL OPEN UNIVERSITY', '44310', 'Federal Capital'),
(932, 'ISLAMABAD B-BLOCK PAK SECTT.', '44020', 'Federal Capital'),
(933, 'ISLAMABAD DHA PHASE-II', '45730', 'Federal Capital'),
(934, 'ISLAMABAD E-9 (AIR HQ)', '44230', 'Federal Capital'),
(935, 'ISLAMABAD F-7 MARKAZ', '44210', 'Federal Capital'),
(936, 'ISLAMABAD F-8 MARKAZ', '44220', 'Federal Capital'),
(937, 'ISLAMABAD FEDERAL BOARD', '44320', 'Federal Capital'),
(938, 'ISLAMABAD G-10 MARKAZ', '44100', 'Federal Capital'),
(939, 'ISLAMABAD G-15 SECTOR', '44150', 'Federal Capital'),
(940, 'ISLAMABAD G-5 FOREIGN OFFICE', '44050', 'Federal Capital'),
(941, 'ISLAMABAD G-8/MARKAZ', '44080', 'Federal Capital'),
(942, 'ISLAMABAD G-9/MARKAZ', '44090', 'Federal Capital'),
(943, 'ISLAMABAD HAJJ COMPLEX', '45210', 'Federal Capital'),
(944, 'ISLAMABAD I-10/MARKAZ', '44800', 'Federal Capital'),
(945, 'ISLAMABAD I-8/4', '44790', 'Federal Capital'),
(946, 'ISLAMABAD NATIONAL ASSEMBLY', '44030', 'Federal Capital'),
(947, 'ISLAMABAD NATIONAL HEALTH LABORATIORIES', '45500', 'Federal Capital'),
(948, 'ISLAMABAD PRIMR MINISTER SECTT.', '44010', 'Federal Capital'),
(949, 'ISLAMABAD QUIAID-E-AZAM UNIVERSITY', '45320', 'Federal Capital'),
(950, 'ISMAILA', '23400', 'Khyber Pakhtunkhwa'),
(951, 'ISMAILABAD', '59200', 'Punjab'),
(952, 'ISTQLAL CAMP', '48556', 'Punjab'),
(953, 'JABBA', '41124', 'Punjab'),
(954, 'JABBAR DARVESH', '47660', 'Punjab'),
(955, 'JABBI', '41220', 'Punjab'),
(956, 'JABBI SHAH DILAWAR', '48020', 'Punjab'),
(957, 'JABLOT SAI', '15170', 'Gilgit Baltistan'),
(958, 'JABOKA', '56290', 'Punjab'),
(959, 'JABORI', '21170', 'Khyber Pakhtunkhwa'),
(960, 'JACOBABAD GPO', '79000', 'Sindh'),
(961, 'JAGLOT TANGIR', '14150', 'Gilgit Baltistan'),
(962, 'JAHANABAD', '40614', 'Punjab'),
(963, 'JAHANIA', '58200', 'Punjab'),
(964, 'JAHLAR', '41170', 'Punjab'),
(965, 'JAKHAR', '36390', 'Punjab'),
(966, 'JALAL PUR JATTAN', '50780', 'Punjab'),
(967, 'JALAL PUR SHARIF', '49120', 'Punjab'),
(968, 'JALALA', '23150', 'Khyber Pakhtunkhwa'),
(969, 'JALALIA', '43400', 'Punjab'),
(970, 'JALALPUR NAU', '52170', 'Punjab'),
(971, 'JALALPUR PIRWALA', '59250', 'Punjab'),
(972, 'JALBAI', '23600', 'Khyber Pakhtunkhwa'),
(973, 'JALBANI', '32420', 'Punjab'),
(974, 'JALIL TOWN', '52302', 'Punjab'),
(975, 'JALLA JIM', '61230', 'Punjab'),
(976, 'JALLO', '53500', 'Punjab'),
(977, 'JALLOZAI', '24240', 'Khyber Pakhtunkhwa'),
(978, 'JALSAI', '23580', 'Khyber Pakhtunkhwa'),
(979, 'JALWAL', '43112', 'Punjab'),
(980, 'JAM NAWAZ ALI', '68070', 'Sindh'),
(981, 'JAM PUR', '33000', 'Punjab'),
(982, 'JAM SAHIB', '67500', 'Sindh'),
(983, 'JAMAL DIN WALI', '64370', 'Punjab'),
(984, 'JAMAL GARHI', '23230', 'Khyber Pakhtunkhwa'),
(985, 'JAMALI', '41280', 'Punjab'),
(986, 'JAMALPUR', '63050', 'Punjab'),
(987, 'JAMALPUR EDSO', '63050', 'Punjab'),
(988, 'JAMARGHAL', '49750', 'Punjab'),
(989, 'JAMBER KALAN', '55250', 'Punjab'),
(990, 'JAMIA ASHRAFIA', '35360', 'Punjab'),
(991, 'JAMKI', '51020', 'Punjab'),
(992, 'JAMMU KASHMIR MUHAJIR COLONY', '49480', 'Punjab'),
(993, 'JAMRUD', '24730', 'Khyber Pakhtunkhwa'),
(994, 'JAND', '43100', 'Punjab'),
(995, 'JAND (CHAKWAL)', '48940', 'Punjab'),
(996, 'JAND MEHLOO', '47970', 'Punjab'),
(997, 'JANDALA', '49340', 'Punjab'),
(998, 'JANDAN WALA', '30150', 'Punjab'),
(999, 'JANDOLA', '29470', 'Khyber Pakhtunkhwa'),
(1000, 'JANDRAKA', '65280', 'Punjab'),
(1001, 'JANG SHAHI', '73110', 'Sindh'),
(1002, 'JANGA', '48812', 'Punjab'),
(1003, 'JANI WALA', '36100', 'Punjab'),
(1004, 'JARANWALA', '37250', 'Punjab'),
(1005, 'JARI KASS', '10232', 'Azad Kashmir'),
(1006, 'JARMOT KALAN', '47990', 'Punjab'),
(1007, 'JARRAL', '22760', 'Khyber Pakhtunkhwa'),
(1008, 'JARWAR', '65060', 'Sindh'),
(1009, 'JASIAL', '48072', 'Punjab'),
(1010, 'JASSAR', '51750', 'Punjab'),
(1011, 'JATHEKI', '51100', 'Punjab'),
(1012, 'JATI', '73060', 'Sindh'),
(1013, 'JATLI', '47780', 'Punjab'),
(1014, 'JATLI (AK)', '10380', 'Azad Kashmir'),
(1015, 'JATOI', '34430', 'Punjab'),
(1016, 'JATTI DHERI', '10480', 'Azad Kashmir'),
(1017, 'JAUHAR ABAD', '41200', 'Punjab'),
(1018, 'JAURA KALAN', '41282', 'Punjab'),
(1019, 'JAURAH', '50250', 'Punjab'),
(1020, 'JAVED NAGAR', '59050', 'Punjab'),
(1021, 'JEHAN GIRA', '23620', 'Khyber Pakhtunkhwa'),
(1022, 'JEWAR', '19260', 'Khyber Pakhtunkhwa'),
(1023, 'JEWRA', '47420', 'Punjab'),
(1024, 'JHAL MAGSI', '81100', 'Balochistan'),
(1025, 'JHALLAN', '52120', 'Punjab'),
(1026, 'JHAMAT', '43070', 'Punjab'),
(1027, 'JHAMRAH', '48550', 'Punjab'),
(1028, 'JHANG GPO', '35200', 'Punjab'),
(1029, 'JHANGI', '22050', 'Khyber Pakhtunkhwa'),
(1030, 'JHATLA', '48260', 'Punjab'),
(1031, 'JHATTA HATHIAL', '47550', 'Punjab'),
(1032, 'JHAWRIAN', '40350', 'Punjab'),
(1033, 'JHELUM GPO', '49600', 'Punjab'),
(1034, 'JHIKA GALI', '47180', 'Punjab'),
(1035, 'JHIMPIR R.S.', '73100', 'Sindh'),
(1036, 'JHOK SHARIF', '73010', 'Sindh'),
(1037, 'JHOKE UTRA', '32430', 'Punjab'),
(1038, 'JHOL', '68230', 'Sindh'),
(1039, 'JHUDO', '69310', 'Sindh'),
(1040, 'JIBRI', '89260', 'Balochistan'),
(1041, 'JINNAH CAMP', '89240', 'Balochistan'),
(1042, 'JIWANI', '91100', 'Balochistan'),
(1043, 'JOHAN', '88260', 'Balochistan'),
(1044, 'JOHI', '76190', 'Sindh'),
(1045, 'JOKALIAN', '50660', 'Punjab'),
(1046, 'JUMAN SHAH', '31600', 'Punjab'),
(1047, 'JUNEJO MODEL FORM FARM', '68300', 'Sindh'),
(1048, 'JURA', '13224', 'Azad Kashmir'),
(1049, 'JUTIAL', '15150', 'Gilgit Baltistan'),
(1050, 'KABAL', '19060', 'Khyber Pakhtunkhwa'),
(1051, 'KABIR WALA', '58250', 'Punjab'),
(1052, 'KACH JAMAL BAGAR', '84840', 'Balochistan'),
(1053, 'KACHA KHUH', '58100', 'Punjab'),
(1054, 'KACHAMALI KHEL', '29184', 'Khyber Pakhtunkhwa'),
(1055, 'KACHI PAIND KHAN', '29130', 'Khyber Pakhtunkhwa'),
(1056, 'KACHURA', '16150', 'Gilgit Baltistan'),
(1057, 'KADHALA', '10034', 'Azad Kashmir'),
(1058, 'KADIRPUR RAWAN', '59000', 'Punjab'),
(1059, 'KAGHAN', '21210', 'Khyber Pakhtunkhwa'),
(1060, 'KAGHUZAI', '17120', 'Khyber Pakhtunkhwa'),
(1061, 'KAHAL', '43322', 'Punjab'),
(1062, 'KAHI', '26220', 'Khyber Pakhtunkhwa'),
(1063, 'KAHROR PAKKA', '59340', 'Punjab'),
(1064, 'KAHURI', '13200', 'Azad Kashmir'),
(1065, 'KAHUTA GPO', '47330', 'Punjab'),
(1066, 'KAHUTI BAZAR', '47266', 'Punjab'),
(1067, 'KAKI NAO', '35060', 'Punjab'),
(1068, 'KAKKI', '28320', 'Khyber Pakhtunkhwa'),
(1069, 'KAKOTRI', '22750', 'Khyber Pakhtunkhwa'),
(1070, 'KAKRALA', '49326', 'Punjab'),
(1071, 'KAKRALI', '50980', 'Punjab'),
(1072, 'KAKUL', '22070', 'Khyber Pakhtunkhwa'),
(1073, 'KALA', '32160', 'Punjab'),
(1074, 'KALA', '49500', 'Punjab'),
(1075, 'KALA BAGH (HAZARA)', '22270', 'Khyber Pakhtunkhwa'),
(1076, 'KALA DAB', '11260', 'Azad Kashmir'),
(1077, 'KALA GUJRAN', '49490', 'Punjab'),
(1078, 'KALABAGH', '42360', 'Punjab'),
(1079, 'KALABAT', '23520', 'Khyber Pakhtunkhwa'),
(1080, 'KALAN BASAND', '47274', 'Punjab'),
(1081, 'KALANGAR', '22810', 'Khyber Pakhtunkhwa'),
(1082, 'KALAR KAHAR', '48530', 'Punjab'),
(1083, 'KALAS WALA', '51530', 'Punjab'),
(1084, 'KALASKEY', '52074', 'Punjab'),
(1085, 'KALAT', '88300', 'Balochistan'),
(1086, 'KALAT PETROL PUMP', '88310', 'Balochistan'),
(1087, 'KALATUK', '92400', 'Balochistan'),
(1088, 'KALEKE', '52150', 'Punjab'),
(1089, 'KALHORA', '67350', 'Sindh'),
(1090, 'KALIAM AWAN', '47680', 'Punjab'),
(1091, 'KALLAR SAYYDAN', '47520', 'Punjab'),
(1092, 'KALLAS SHARIF', '40290', 'Punjab'),
(1093, 'KALLOR', '42208', 'Punjab'),
(1094, 'KALLUR KOT', '30140', 'Punjab'),
(1095, 'KALRI', '42220', 'Punjab'),
(1096, 'KALRI', '10382', 'Azad Kashmir'),
(1097, 'KALU KHAN', '23410', 'Khyber Pakhtunkhwa'),
(1098, 'KALWAN', '89300', 'Balochistan'),
(1099, 'KAMALIA GPO', '36350', 'Punjab'),
(1100, 'KAMALIA SUGAR MILLS', '36380', 'Punjab'),
(1101, 'KAMALPUR MUSA', '43442', 'Punjab'),
(1102, 'KAMAR MASHANI', '42400', 'Punjab'),
(1103, 'KAMBAR', '77210', 'Sindh'),
(1104, 'KAMO KE', '52470', 'Punjab'),
(1105, 'KAMRAN KALAY', '24424', 'Khyber Pakhtunkhwa'),
(1106, 'KAMRIAL', '43360', 'Punjab'),
(1107, 'KANA', '19080', 'Khyber Pakhtunkhwa'),
(1108, 'KANAK', '88240', 'Balochistan'),
(1109, 'KANDAN', '40620', 'Punjab'),
(1110, 'KANDHKOT', '79160', 'Sindh'),
(1111, 'Kandi Umer Khan', '22844', 'Khyber Pakhtunkhwa'),
(1112, 'KANDIARI', '68310', 'Sindh'),
(1113, 'KANDIRA', '65300', 'Sindh'),
(1114, 'KANDRALA', '43114', 'Punjab'),
(1115, 'KANGANPUR', '55000', 'Punjab'),
(1116, 'KANGRA', '24620', 'Khyber Pakhtunkhwa'),
(1117, 'KANGRA TOWNSHIP', '22680', 'Khyber Pakhtunkhwa'),
(1118, 'KANGRA', ' KASUR', 'Kasur GPO'),
(1119, 'KANI', '43002', 'Punjab'),
(1120, 'KANJRUR', '51760', 'Punjab'),
(1121, 'KANJUR', '43364', 'Punjab'),
(1122, 'KANJWANI', '37100', 'Punjab'),
(1123, 'KANYAT KHALIL', '47730', 'Punjab'),
(1124, 'KAPUROWALI', '51150', 'Punjab'),
(1125, 'KARACHI ALHYDRI GPO', '74700', 'Sindh'),
(1126, 'KARACHI CITY GPO', '74000', 'Sindh'),
(1127, 'KARACHI GPO', '74200', 'Sindh'),
(1128, 'KARACHI SADDAR GPO', '74400', 'Sindh'),
(1129, 'KARACHI AIRPORT', '75200', 'Sindh'),
(1130, 'KARACHI BALDIA TOWN', '75760', 'Sindh'),
(1131, 'KARACHI BOARD OF SECONDARY EDUCATION', '75990', 'Sindh'),
(1132, 'KARACHI CANTT.', '75530', 'Sindh'),
(1133, 'KARACHI CLIFTON', '75600', 'Sindh'),
(1134, 'KARACHI DARUL ULOOM (KP-683)', '75180', 'Sindh'),
(1135, 'KARACHI DEFENCE HOUSING SOCIETY', '75500', 'Sindh'),
(1136, 'KARACHI FEDERAL B AREA', '75950', 'Sindh'),
(1137, 'KARACHI GOVERNOR HOUSE', '75580', 'Sindh'),
(1138, 'KARACHI GULISTAN-E-JOUHAR (KP-2023)', '75290', 'Sindh'),
(1139, 'KARACHI GULSHAN-E-IQBAL', '75300', 'Sindh'),
(1140, 'KARACHI GULSHAN-E-JAMAL', '75260', 'Sindh'),
(1141, 'KARACHI GULZAR-E-HIJRI', '75330', 'Sindh'),
(1142, 'KARACHI HABIB BANK', '75650', 'Sindh'),
(1143, 'KARACHI HOTEL METROPOLE', '75520', 'Sindh'),
(1144, 'KARACHI I.T.E', '75700', 'Sindh'),
(1145, 'KARACHI J.P.M.C', '75510', 'Sindh'),
(1146, 'KARACHI LIAQATABAD', '75900', 'Sindh'),
(1147, 'KARACHI LYARI', '75660', 'Sindh'),
(1148, 'KARACHI MANGHOPIR', '75890', 'Sindh'),
(1149, 'KARACHI MAURIPUR AF', '75750', 'Sindh'),
(1150, 'KARACHI MAURIPUR CE', '75780', 'Sindh'),
(1151, 'KARACHI METROVILLE', '75840', 'Sindh'),
(1152, 'KARACHI MOSAMIAT CHOWRANGI', '75280', 'Sindh'),
(1153, 'KARACHI NAZIMABAD', '74600', 'Sindh'),
(1154, 'KARACHI NEW SABZI MANDI', '75340', 'Sindh'),
(1155, 'KARACHI NISHTAR ROAD', '75550', 'Sindh'),
(1156, 'KARACHI P.E.C.H.S BI-2', '75400', 'Sindh'),
(1157, 'KARACHI P.N.A.D.', '75790', 'Sindh'),
(1158, 'KARACHI SHAHRA-E-FAISAL', '75350', 'Sindh'),
(1159, 'KARACHI SHER SHAH COLONY', '75730', 'Sindh'),
(1160, 'KARACHI UNIVERSITY', '75270', 'Sindh'),
(1161, 'KARAK GPO', '27200', 'Khyber Pakhtunkhwa'),
(1162, 'KARAKH', '89350', 'Balochistan'),
(1163, 'KARAM PUR', '78220', 'Sindh'),
(1164, 'KARAMPUR', '61220', 'Punjab'),
(1165, 'KARARIWALA KALAN', '50270', 'Punjab'),
(1166, 'KARIANWALA', '50830', 'Punjab'),
(1167, 'KARIM ABAD', '31660', 'Punjab'),
(1168, 'KARIMABAD', '15700', 'Gilgit Baltistan'),
(1169, 'KARIO GHANWAR', '72020', 'Sindh'),
(1170, 'KARNAH', '13220', 'Azad Kashmir'),
(1171, 'KAROR', '31100', 'Punjab'),
(1172, 'KARRIALA', '48510', 'Punjab'),
(1173, 'KARULI', '48554', 'Punjab'),
(1174, 'KASHMIRI BAZAR', '47190', 'Punjab'),
(1175, 'KASHMOR COLONY', '79210', 'Sindh'),
(1176, 'KASHMORE', '79200', 'Sindh'),
(1177, 'KASSOKI', '52140', 'Punjab'),
(1178, 'KASSOWAL', '57300', 'Punjab'),
(1179, 'KASUR GPO', '55050', 'Punjab'),
(1180, 'KATAGARI', '93200', 'Balochistan'),
(1181, 'KATHA DILAWAR KHAN', '10550', 'Azad Kashmir'),
(1182, 'KATHIALA SHEIKHAN', '50480', 'Punjab'),
(1183, 'KATLANG', '23240', 'Khyber Pakhtunkhwa'),
(1184, 'KAWANKH', '50880', 'Punjab'),
(1185, 'KAZIAN', '47960', 'Punjab');
INSERT INTO `cities` (`id`, `name`, `postalcode`, `state`) VALUES
(1186, 'KEHRORE', '47280', 'Punjab'),
(1187, 'KEL', '13234', 'Azad Kashmir'),
(1188, 'KEMARI', '75620', 'Sindh'),
(1189, 'KHABBEKKI', '41120', 'Punjab'),
(1190, 'KHAD KUCHA', '88210', 'Balochistan'),
(1191, 'KHADAR KHAN KHEL', '28020', 'Khyber Pakhtunkhwa'),
(1192, 'KHADHAN', '72270', 'Sindh'),
(1193, 'KHADIMABAD', '10310', 'Azad Kashmir'),
(1194, 'KHADIOT', '47324', 'Punjab'),
(1195, 'KHADRIALA', '50006', 'Punjab'),
(1196, 'KHADRO', '68210', 'Sindh'),
(1197, 'KHAIGALA', '12250', 'Azad Kashmir'),
(1198, 'KHAIR PUR GPO', '66020', 'Sindh'),
(1199, 'KHAIR ABAD', '24000', 'Khyber Pakhtunkhwa'),
(1200, 'KHAIRA GALI', '22330', 'Khyber Pakhtunkhwa'),
(1201, 'KHAIRPUR (CHAKWAL)', '48380', 'Punjab'),
(1202, 'KHAIRPUR JOSO', '77240', 'Sindh'),
(1203, 'KHAIRPUR NATHAN SHAH', '76260', 'Sindh'),
(1204, 'KHAIRPUR SADAT', '34470', 'Punjab'),
(1205, 'KHAIRPUR TAMIWALI', '63060', 'Punjab'),
(1206, 'KHAKI', '21350', 'Khyber Pakhtunkhwa'),
(1207, 'KHALABAT TOWNSHIP', '22800', 'Khyber Pakhtunkhwa'),
(1208, 'KHALAS PUR', '49740', 'Punjab'),
(1209, 'KHALL', '18250', 'Khyber Pakhtunkhwa'),
(1210, 'KHALOL', '47410', 'Punjab'),
(1211, 'KHAMBARA', '65034', 'Sindh'),
(1212, 'KHAN BELA', '59260', 'Punjab'),
(1213, 'KHAN BELA', '64040', 'Punjab'),
(1214, 'KHAN GAH DOGRAN', '39560', 'Punjab'),
(1215, 'KHAN GARH', '34350', 'Punjab'),
(1216, 'KHAN PUR', '64100', 'Punjab'),
(1217, 'KHAN PUR (CHAKWAL)', '48870', 'Punjab'),
(1218, 'KHAN PUR (SHIKARPUR)', '78200', 'Sindh'),
(1219, 'KHAN PUR SYEDAN', '51460', 'Punjab'),
(1220, 'KHAN WAHAN', '67030', 'Sindh'),
(1221, 'KHANEWAL GPO', '58150', 'Punjab'),
(1222, 'KHANEWAL AMMUNITION DEPOT', '58120', 'Punjab'),
(1223, 'KHANEWAL RAILWAY STATION', '58160', 'Punjab'),
(1224, 'KHANKI', '52050', 'Punjab'),
(1225, 'KHANOZAI', '86600', 'Balochistan'),
(1226, 'KHANPUR (HAZARA)', '22650', 'Khyber Pakhtunkhwa'),
(1227, 'KHANPUR JUNEJO', '76264', 'Sindh'),
(1228, 'KHANPUR MAHAR', '65070', 'Sindh'),
(1229, 'KHANPUR SHUMALI', '34550', 'Punjab'),
(1230, 'KHANQAH MUBARIK', '63270', 'Punjab'),
(1231, 'KHAPLU', '16800', 'Gilgit Baltistan'),
(1232, 'KHAR (BAJAUR AGENCY)', '18650', 'Khyber Pakhtunkhwa'),
(1233, 'KHARAL ABBASIAN', '12520', 'Azad Kashmir'),
(1234, 'KHARAN', '94100', 'Balochistan'),
(1235, 'KHARIAN CANTT', '50070', 'Punjab'),
(1236, 'KHARIAN CITY', '50090', 'Punjab'),
(1237, 'KHAROTA SYEDAN', '51240', 'Punjab'),
(1238, 'KHATTAN', '89170', 'Balochistan'),
(1239, 'KHATTAN', '81260', 'Balochistan'),
(1240, 'KHAUR', '43380', 'Punjab'),
(1241, 'KHAUR VILLAGE', '43382', 'Punjab'),
(1242, 'KHAWAZA KHELA', '19110', 'Khyber Pakhtunkhwa'),
(1243, 'KHESHKI PAYAN', '24120', 'Khyber Pakhtunkhwa'),
(1244, 'KHEWRA', '49060', 'Punjab'),
(1245, 'KHICHI WALA', '62040', 'Punjab'),
(1246, 'KHINGAR MAMDAL', '47994', 'Punjab'),
(1247, 'KHIPRO', '68330', 'Sindh'),
(1248, 'KHOHAR', '50050', 'Punjab'),
(1249, 'KHOKHAR GHARBI', '50610', 'Punjab'),
(1250, 'KHOKRAPAR', '69120', 'Sindh'),
(1251, 'KHORI ALAM', '50286', 'Punjab'),
(1252, 'KHOST', '82310', 'Balochistan'),
(1253, 'KHUDA KI BASTI', '76340', 'Sindh'),
(1254, 'KHUDABANDAN', '93220', 'Balochistan'),
(1255, 'KHUDIAN', '55030', 'Punjab'),
(1256, 'KHUI RATTA (A.K)', '11200', 'Azad Kashmir'),
(1257, 'KHUKHA', '49380', 'Punjab'),
(1258, 'KHUNDA', '43300', 'Punjab'),
(1259, 'KHUNDA', '23560', 'Khyber Pakhtunkhwa'),
(1260, 'KHURA', '41022', 'Punjab'),
(1261, 'KHURRA', '66090', 'Sindh'),
(1262, 'KHURRAM GUJAR', '47092', 'Punjab'),
(1263, 'KHURRIAN WALA', '37630', 'Punjab'),
(1264, 'KHURSHIDABAD', '12220', 'Azad Kashmir'),
(1265, 'KHUSHAB GPO', '41000', 'Punjab'),
(1266, 'KHUSHAB ATOMIC ENERGY COMMISSION', '41264', 'Punjab'),
(1267, 'KHUZDAR GPO', '89100', 'Balochistan'),
(1268, 'KHUZDAR CANTT.', '89150', 'Balochistan'),
(1269, 'KHYABAN-E-SARWAR', '32210', 'Punjab'),
(1270, 'KILLA ABADULLLAH', '86200', 'Balochistan'),
(1271, 'KILLA SAIFULLAH', '85400', 'Balochistan'),
(1272, 'KILLI ABDUL REHMANZAI', '86210', 'Balochistan'),
(1273, 'KILLI ABDUR REHMAN ZAI', '86410', 'Balochistan'),
(1274, 'KILLI MALAKYAR', '86730', 'Balochistan'),
(1275, 'KILLI MINHAS', '87110', 'Balochistan'),
(1276, 'KILLI TIRKHA', '87290', 'Balochistan'),
(1277, 'KILLI VERCHOOM', '86650', 'Balochistan'),
(1278, 'KINGER', '47930', 'Punjab'),
(1279, 'KINJHAR LAKE', '73120', 'Sindh'),
(1280, 'KIRANA HILL', '40250', 'Punjab'),
(1281, 'KIRDGAP', '88220', 'Balochistan'),
(1282, 'KIRI SHAMOZAI', '29240', 'Khyber Pakhtunkhwa'),
(1283, 'KIRIS', '16700', 'Gilgit Baltistan'),
(1284, 'KIRRI KHAISOR', '29180', 'Khyber Pakhtunkhwa'),
(1285, 'KISRAN', '43200', 'Punjab'),
(1286, 'KOH TAFTAN', '95000', 'Balochistan'),
(1287, 'KOHAT GPO', '26000', 'Khyber Pakhtunkhwa'),
(1288, 'KOHAT BOARD OF EDUCATION', '26064', 'Khyber Pakhtunkhwa'),
(1289, 'KOHAT CADET COLLEGE', '26030', 'Khyber Pakhtunkhwa'),
(1290, 'KOHAT GUNNERS LINE', '26050', 'Khyber Pakhtunkhwa'),
(1291, 'KOHAT J.D.M.T.MILLS', '26070', 'Khyber Pakhtunkhwa'),
(1292, 'KOHAT OFFICERS TRAINING SCHOOL', '26090', 'Khyber Pakhtunkhwa'),
(1293, 'KOHAT P.A.F.', '26080', 'Khyber Pakhtunkhwa'),
(1294, 'KOHAT POLICE RECRUIT TRAINING CENTRE', '26020', 'Khyber Pakhtunkhwa'),
(1295, 'KOHAT SATELLITE TOWN', '26054', 'Khyber Pakhtunkhwa'),
(1296, 'KOHI BARMOL', '23260', 'Khyber Pakhtunkhwa'),
(1297, 'KOHIWALA', '58260', 'Punjab'),
(1298, 'KOHLOWALA', '52130', 'Punjab'),
(1299, 'KOHLU', '83000', 'Balochistan'),
(1300, 'KOLIAN HAMEED', '47296', 'Punjab'),
(1301, 'KOLPUR', '81550', 'Balochistan'),
(1302, 'KORANGI GPO', '74900', 'Sindh'),
(1303, 'KORANGI CREEK', '75190', 'Sindh'),
(1304, 'KORYAL KALAN', '39424', 'Punjab'),
(1305, 'KOSHT', '17100', 'Khyber Pakhtunkhwa'),
(1306, 'KOT ABDUL MALIK', '39250', 'Punjab'),
(1307, 'KOT ADU', '34050', 'Punjab'),
(1308, 'KOT ALLAH SINGH', '58230', 'Punjab'),
(1309, 'KOT CHHAJI', '43110', 'Punjab'),
(1310, 'KOT CHUTTA', '32350', 'Punjab'),
(1311, 'KOT DIGI', '66060', 'Sindh'),
(1312, 'KOT ESSA SHAH', '35570', 'Punjab'),
(1313, 'KOT FATEH KHAN', '43340', 'Punjab'),
(1314, 'KOT GUHLAM MOHAMMAD', '69340', 'Sindh'),
(1315, 'KOT GULLAH', '48202', 'Punjab'),
(1316, 'KOT JAI', '29210', 'Khyber Pakhtunkhwa'),
(1317, 'KOT MIRJAN MUHAMMAD', '69300', 'Sindh'),
(1318, 'KOT MOMAN', '40450', 'Punjab'),
(1319, 'KOT NAJIBULLAH', '22660', 'Khyber Pakhtunkhwa'),
(1320, 'KOT NIZAMDIN', '39660', 'Punjab'),
(1321, 'KOT PINDI DAS', '39330', 'Punjab'),
(1322, 'KOT QAISRANI', '32130', 'Punjab'),
(1323, 'KOT QAZI', '48222', 'Punjab'),
(1324, 'KOT RADHA KISHAN', '55180', 'Punjab'),
(1325, 'KOT SARANG', '48080', 'Punjab'),
(1326, 'KOT SHAKIR', '35510', 'Punjab'),
(1327, 'KOT SOMABA', '64170', 'Punjab'),
(1328, 'KOT SUBZAL', '64470', 'Punjab'),
(1329, 'KOT SULTAN', '31650', 'Punjab'),
(1330, 'KOT UMARDRAZ KHAN', '35152', 'Punjab'),
(1331, 'KOTALI NIJABAT', '59310', 'Punjab'),
(1332, 'KOTERA', '48282', 'Punjab'),
(1333, 'KOTHA', '23500', 'Khyber Pakhtunkhwa'),
(1334, 'KOTLA', '50990', 'Punjab'),
(1335, 'KOTLA MUSA KHAN', '63400', 'Punjab'),
(1336, 'KOTLI GPO (AK)', '11100', 'Azad Kashmir'),
(1337, 'KOTLI BEHRAM', '51330', 'Punjab'),
(1338, 'KOTLI LOHARAN EAST', '51210', 'Punjab'),
(1339, 'KOTLI LOHARAN WEST', '51220', 'Punjab'),
(1340, 'KOTLI SATTIAN', '47260', 'Punjab'),
(1341, 'KOTRI', '76000', 'Sindh'),
(1342, 'KOTRI KABIR', '67010', 'Sindh'),
(1343, 'KOZA BANDA', '21060', 'Khyber Pakhtunkhwa'),
(1344, 'KUCHLAK', '87000', 'Balochistan'),
(1345, 'KUDDAN', '92650', 'Balochistan'),
(1346, 'KUFRI', '41162', 'Punjab'),
(1347, 'KUKKAR HATTA', '58270', 'Punjab'),
(1348, 'KULACHI', '29350', 'Khyber Pakhtunkhwa'),
(1349, 'KULDANA', '47130', 'Punjab'),
(1350, 'KULLOWAL', '51130', 'Punjab'),
(1351, 'KUMB', '66120', 'Sindh'),
(1352, 'KUNDIAN', '42050', 'Punjab'),
(1353, 'KUNDWAL', '49010', 'Punjab'),
(1354, 'KUNJAH', '50620', 'Punjab'),
(1355, 'KUNRI', '69160', 'Sindh'),
(1356, 'KUNTRILLA', '47900', 'Punjab'),
(1357, 'KUTABPUR', '59110', 'Punjab'),
(1358, 'KUTBAL', '43390', 'Punjab'),
(1359, 'KUTHIALA', '22100', 'Khyber Pakhtunkhwa'),
(1360, 'KUZDAR BAZAR', '89160', 'Balochistan'),
(1361, 'LACHI', '26360', 'Khyber Pakhtunkhwa'),
(1362, 'LADGASHT', '94150', 'Balochistan'),
(1363, 'LADHA', '29490', 'Khyber Pakhtunkhwa'),
(1364, 'LADHANA', '31350', 'Punjab'),
(1365, 'LADHE WALA WARAICH', '52320', 'Punjab'),
(1366, 'LADIUN', '73080', 'Sindh'),
(1367, 'LAHOR CHHOTA (MARDAN)', '23570', 'Khyber Pakhtunkhwa'),
(1368, 'LAHORE CANTT. GPO', '54810', 'Punjab'),
(1369, 'LAHORE GPO', '54000', 'Punjab'),
(1370, 'LAHORE AITCHESON COLLEGE', '54030', 'Punjab'),
(1371, 'LAHORE ALFLAH', '54020', 'Punjab'),
(1372, 'LAHORE ALLAMA IQBAL TOWN', '54570', 'Punjab'),
(1373, 'LAHORE AWAN COLONEY', '54780', 'Punjab'),
(1374, 'LAHORE BAGHBANPURA', '54920', 'Punjab'),
(1375, 'LAHORE BAHRIA TOWN', '53720', 'Punjab'),
(1376, 'LAHORE BATA PUR', '53400', 'Punjab'),
(1377, 'LAHORE C.M.A. CANTT.', '54800', 'Punjab'),
(1378, 'LAHORE DEFENCE HOUSING SOICETY', '54792', 'Punjab'),
(1379, 'LAHORE E.M.E Society P.O', '53710', 'Punjab'),
(1380, 'LAHORE ENGINEERING UNIVERSITY', '54890', 'Punjab'),
(1381, 'LAHORE FEROZEPUR ROAD', '54600', 'Punjab'),
(1382, 'LAHORE GULBERG COLONY', '54660', 'Punjab'),
(1383, 'LAHORE HARBANS PURA', '54850', 'Punjab'),
(1384, 'LAHORE ISMAIL NAGAR', '54760', 'Punjab'),
(1385, 'LAHORE JOHAR TOWN', '54782', 'Punjab'),
(1386, 'LAHORE KAHNA NAU', '53100', 'Punjab'),
(1387, 'LAHORE KOHINOOR ENERGY', '55160', 'Punjab'),
(1388, 'LAHORE MODEL TOWN', '54700', 'Punjab'),
(1389, 'LAHORE MULTAN ROAD POST OFFICE', '54500', 'Punjab'),
(1390, 'LAHORE NEW UNIVERSITY CAMPUS', '54590', 'Punjab'),
(1391, 'LAHORE NISHTAR TOWN', '54762', 'Punjab'),
(1392, 'LAHORE PMG PUNJAB POST OFFICE', '54560', 'Punjab'),
(1393, 'LAHORE PT & T AUDIT', '54550', 'Punjab'),
(1394, 'LAHORE PUNJAB GOVERNOR HOUSE', '54880', 'Punjab'),
(1395, 'LAHORE SECONDARY BOARD', '54650', 'Punjab'),
(1396, 'LAHORE SHADMAN WOMEN MODEL P.O', '54610', 'Punjab'),
(1397, 'LAHORE TAJPURA', '54870', 'Punjab'),
(1398, 'LAHORE TOWNSHIP SECTOR A-1', '54770', 'Punjab'),
(1399, 'LAKARMAR', '43060', 'Punjab'),
(1400, 'LAKHA ROAD', '67300', 'Sindh'),
(1401, 'LAKHAN WAL', '50800', 'Punjab'),
(1402, 'LAKHI GHULAM SHAH', '78060', 'Sindh'),
(1403, 'LAKHRA', '90160', 'Balochistan'),
(1404, 'LAKKI MARWAT GPO', '28420', 'Khyber Pakhtunkhwa'),
(1405, 'LAKKI HEADQUARTER COMPLEX', '28500', 'Khyber Pakhtunkhwa'),
(1406, 'LAKKI MARWAT MAIN LORRY ADDA', '28510', 'Khyber Pakhtunkhwa'),
(1407, 'LAL QILLA', '18350', 'Khyber Pakhtunkhwa'),
(1408, 'LALA MUSA', '50200', 'Punjab'),
(1409, 'LALA RUKH WAH CANTT', '47010', 'Punjab'),
(1410, 'LALAZAR COLONY WAH', '47044', 'Punjab'),
(1411, 'LALBANI', '67314', 'Sindh'),
(1412, 'LALIAN', '35470', 'Punjab'),
(1413, 'LALLIANI', '40440', 'Punjab'),
(1414, 'LALU RAUNK', '77250', 'Sindh'),
(1415, 'LAND KAMAR', '27600', 'Khyber Pakhtunkhwa'),
(1416, 'LANDE WAH', '28410', 'Khyber Pakhtunkhwa'),
(1417, 'LANDHI COLONY', '75160', 'Sindh'),
(1418, 'LANDI ARBAB', '25220', 'Khyber Pakhtunkhwa'),
(1419, 'LANDI KOTAL', '24740', 'Khyber Pakhtunkhwa'),
(1420, 'LANGAY', '50624', 'Punjab'),
(1421, 'LAR', '59130', 'Punjab'),
(1422, 'LARKANA GPO', '77150', 'Sindh'),
(1423, 'LASHARI', '77390', 'Sindh'),
(1424, 'LASSAN NAWAB', '21390', 'Khyber Pakhtunkhwa'),
(1425, 'LATAMBER', '27800', 'Khyber Pakhtunkhwa'),
(1426, 'LATIFABAD', '71800', 'Sindh'),
(1427, 'LATRA', '32000', 'Punjab'),
(1428, 'LAUGAH', '48950', 'Punjab'),
(1429, 'LAWA', '48250', 'Punjab'),
(1430, 'LAWRENCE COLLEGE', '47114', 'Punjab'),
(1431, 'LAYYAH GPO', '31200', 'Punjab'),
(1432, 'LAYYAH SUGAR MILLS', '31300', 'Punjab'),
(1433, 'LEEPA', '13164', 'Azad Kashmir'),
(1434, 'LEHR SULTAN PUR', '48400', 'Punjab'),
(1435, 'LEHRI', '49270', 'Punjab'),
(1436, 'LEHRI', '81200', 'Balochistan'),
(1437, 'LEHRI', '47400', 'Punjab'),
(1438, 'LEHRI KAKAN', '48430', 'Punjab'),
(1439, 'LEHTRAR BALA', '47270', 'Punjab'),
(1440, 'LENGRIALI', '51400', 'Punjab'),
(1441, 'LESSAR KALAN', '51804', 'Punjab'),
(1442, 'LETI', '48190', 'Punjab'),
(1443, 'LIAQAT ABAD', '42000', 'Punjab'),
(1444, 'LIAQAT MEDICAL COLLEGE (JAMSHORO)', '76090', 'Sindh'),
(1445, 'LIAQAT PUR', '64000', 'Punjab'),
(1446, 'LILLA', '49020', 'Punjab'),
(1447, 'LODHRAN', '59320', 'Punjab'),
(1448, 'LORA', '22360', 'Khyber Pakhtunkhwa'),
(1449, 'LORALAI GPO', '84800', 'Balochistan'),
(1450, 'LORALAI CANTT.', '84820', 'Balochistan'),
(1451, 'LOSAR SHARFOO', '47002', 'Punjab'),
(1452, 'LOWER TOPA', '47214', 'Punjab'),
(1453, 'LUDDAN', '61110', 'Punjab'),
(1454, 'LUND KHAWAR', '23130', 'Khyber Pakhtunkhwa'),
(1455, 'LUNDO', '68020', 'Sindh'),
(1456, 'LUNJGRAN', '12330', 'Azad Kashmir'),
(1457, 'MACHHIAN WALA', '61070', 'Punjab'),
(1458, 'MACHI GOTH', '64450', 'Punjab'),
(1459, 'MADARISA', '62320', 'Punjab'),
(1460, 'MADIJI', '78030', 'Sindh'),
(1461, 'MADYAN', '19020', 'Khyber Pakhtunkhwa'),
(1462, 'MAHNI SIAL', '58256', 'Punjab'),
(1463, 'MAHRABPUR', '67000', 'Sindh'),
(1464, 'MAHUTA MOHRA', '47620', 'Punjab'),
(1465, 'MAILSI', '61200', 'Punjab'),
(1466, 'MAILSI COLONY', '61210', 'Punjab'),
(1467, 'MAINDLA', '12170', 'Azad Kashmir'),
(1468, 'MAINI', '23450', 'Khyber Pakhtunkhwa'),
(1469, 'MAIRA (JHELUM)', '49510', 'Punjab'),
(1470, 'MAIRA (RAWALPINDI)', '47376', 'Punjab'),
(1471, 'MAIRA BALA', '22560', 'Khyber Pakhtunkhwa'),
(1472, 'MAIWAND', '83100', 'Balochistan'),
(1473, 'MAKERWAL', '42410', 'Punjab'),
(1474, 'MAKHAD ROAD', '43000', 'Punjab'),
(1475, 'MAKHAD SHARIF', '43010', 'Punjab'),
(1476, 'MAKHDOOMPUR PHOHARAN', '58170', 'Punjab'),
(1477, 'MAKHDUM RASHID', '59100', 'Punjab'),
(1478, 'MAKIANA', '50920', 'Punjab'),
(1479, 'MALAK MALA', '43412', 'Punjab'),
(1480, 'MALAKAND', '23050', 'Khyber Pakhtunkhwa'),
(1481, 'MALAKPUR', '50094', 'Punjab'),
(1482, 'MALAKWAL', '50530', 'Punjab'),
(1483, 'MALFATYANA', '36360', 'Punjab'),
(1484, 'MALHAL MUGHLAN', '48910', 'Punjab'),
(1485, 'MALHOWALI', '43090', 'Punjab'),
(1486, 'MALIR CANTT', '75070', 'Sindh'),
(1487, 'MALIR CITY', '75050', 'Sindh'),
(1488, 'MALIR COLONY', '75080', 'Sindh'),
(1489, 'MALKA', '50170', 'Punjab'),
(1490, 'MALKA HANS', '57110', 'Punjab'),
(1491, 'MALKEY KLAN', '51380', 'Punjab'),
(1492, 'MALLOT SATTIAN', '47250', 'Punjab'),
(1493, 'MALLOTE', '12502', 'Azad Kashmir'),
(1494, 'MAMESH KHEL', '28140', 'Khyber Pakhtunkhwa'),
(1495, 'MAMU KANJAN', '37000', 'Punjab'),
(1496, 'MANA', '32400', 'Punjab'),
(1497, 'MANAN WALA', '39170', 'Punjab'),
(1498, 'MANARA', '48584', 'Punjab'),
(1499, 'MAND', '92100', 'Balochistan'),
(1500, 'MAND', '50622', 'Punjab'),
(1501, 'MANDHARA', '29200', 'Khyber Pakhtunkhwa'),
(1502, 'MANDHOLE', '12180', 'Azad Kashmir'),
(1503, 'MANDI BAHAUDDIN GPO', '50400', 'Punjab'),
(1504, 'MANDI AHMED ABAD', '56000', 'Punjab'),
(1505, 'MANDI FAIZ ABAD', '39470', 'Punjab'),
(1506, 'MANDI SADIQ GANJ', '62210', 'Punjab'),
(1507, 'MANDIAN', '22044', 'Khyber Pakhtunkhwa'),
(1508, 'MANDIR SYEDAN', '51120', 'Punjab'),
(1509, 'MANDORI', '24504', 'Khyber Pakhtunkhwa'),
(1510, 'MANDRA', '47670', 'Punjab'),
(1511, 'MANG', '12300', 'Azad Kashmir'),
(1512, 'MANGA MANDI', '55270', 'Punjab'),
(1513, 'MANGAT', '50410', 'Punjab'),
(1514, 'MANGHOTA BARAHMNAN', '47542', 'Punjab'),
(1515, 'MANGLA CANTT', '49430', 'Punjab'),
(1516, 'MANGLA DAM', '10200', 'Azad Kashmir'),
(1517, 'MANGLORE', '21330', 'Khyber Pakhtunkhwa'),
(1518, 'MANGORA', '19130', 'Khyber Pakhtunkhwa'),
(1519, 'MANGOTE', '47710', 'Punjab'),
(1520, 'MANGOWAL', '50640', 'Punjab'),
(1521, 'MANGROTHA', '32120', 'Punjab'),
(1522, 'MANGWAL', '48720', 'Punjab'),
(1523, 'MANJHI PUR', '80200', 'Balochistan'),
(1524, 'MANJHO SHORI', '81270', 'Balochistan'),
(1525, 'MANKARAI', '22700', 'Khyber Pakhtunkhwa'),
(1526, 'MANKERA', '30060', 'Punjab'),
(1527, 'MANKI SHARIF', '24140', 'Khyber Pakhtunkhwa'),
(1528, 'MANNOO ABAD', '39010', 'Punjab'),
(1529, 'MANOCHAR', '88250', 'Balochistan'),
(1530, 'MANORA', '75640', 'Sindh'),
(1531, 'MANSAR CAMP', '43550', 'Punjab'),
(1532, 'MANSEHRA GPO', '21300', 'Khyber Pakhtunkhwa'),
(1533, 'MANSEHRA CITY', '21310', 'Khyber Pakhtunkhwa'),
(1534, 'MANSOORA', '54790', 'Punjab'),
(1535, 'MANSORA HYDERABAD', '70110', 'Sindh'),
(1536, 'MANTHOKHA', '16420', 'Gilgit Baltistan'),
(1537, 'MANZAI', '29460', 'Khyber Pakhtunkhwa'),
(1538, 'MANZARI', '86720', 'Balochistan'),
(1539, 'MANZOOR HAYAT COLONY BHALWAL', '40420', 'Punjab'),
(1540, 'MARAKI WAL', '51230', 'Punjab'),
(1541, 'MARALA', '51200', 'Punjab'),
(1542, 'MARDAN GPO', '23200', 'Khyber Pakhtunkhwa'),
(1543, 'MARDAN SUGAR RESEARCH INSTITUTE', '23210', 'Khyber Pakhtunkhwa'),
(1544, 'MARDWAL', '41130', 'Punjab'),
(1545, 'MARGHUZ', '23530', 'Khyber Pakhtunkhwa'),
(1546, 'MARH BALOCHAN', '39570', 'Punjab'),
(1547, 'MARI INDUS', '42350', 'Punjab'),
(1548, 'MARI SHAH SAKHIRA', '35580', 'Punjab'),
(1549, 'MARTIN PUR', '39160', 'Punjab'),
(1550, 'MARYALA', '43222', 'Punjab'),
(1551, 'MASHKEY', '89200', 'Balochistan'),
(1552, 'MASHOO KHEL', '24810', 'Khyber Pakhtunkhwa'),
(1553, 'MASTAJ', '17020', 'Khyber Pakhtunkhwa'),
(1554, 'MASTUNG', '88200', 'Balochistan'),
(1555, 'MASTUNG ROAD', '88100', 'Balochistan'),
(1556, 'MATHANI', '24850', 'Khyber Pakhtunkhwa'),
(1557, 'MATIARI', '70150', 'Sindh'),
(1558, 'MATLI', '72010', 'Sindh'),
(1559, 'MATORE', '47374', 'Punjab'),
(1560, 'MATOTLI', '59240', 'Punjab'),
(1561, 'MATSONABAD', '50520', 'Punjab'),
(1562, 'MATTA', '19040', 'Khyber Pakhtunkhwa'),
(1563, 'MATTA MUGHAL KHEL', '24640', 'Khyber Pakhtunkhwa'),
(1564, 'MAYAR', '23290', 'Khyber Pakhtunkhwa'),
(1565, 'MAYAR JANDOL', '18550', 'Khyber Pakhtunkhwa'),
(1566, 'MEENAPIN', '15130', 'Gilgit Baltistan'),
(1567, 'MEHAR', '76330', 'Sindh'),
(1568, 'MEHDIABAD', '16400', 'Gilgit Baltistan'),
(1569, 'MEHMOOD KOT', '34110', 'Punjab'),
(1570, 'MEHMOODABAD', '75460', 'Sindh'),
(1571, 'MEHRAJKE', '51430', 'Punjab'),
(1572, 'MEHRAN SUGAR MILLS (TANDO ALLAHYAR)', '70020', 'Sindh'),
(1573, 'MEHRAN UNIVERSITY OF ENGINEERING', '67480', 'Sindh'),
(1574, 'MEKHTAR', '84710', 'Balochistan'),
(1575, 'MENA', '77410', 'Sindh'),
(1576, 'MERA GRAM', '17000', 'Khyber Pakhtunkhwa'),
(1577, 'MIAN CHANNU', '58000', 'Punjab'),
(1578, 'MIAN CHANNU RAILWAY STATION', '58030', 'Punjab'),
(1579, 'MIAN WALI QURESHIAN', '64320', 'Punjab'),
(1580, 'MIANA GONDAL', '50580', 'Punjab'),
(1581, 'MIANI', '40550', 'Punjab'),
(1582, 'MIANI BALA', '49234', 'Punjab'),
(1583, 'MIANI BEACH', '90200', 'Balochistan'),
(1584, 'MIANWAL', '50490', 'Punjab'),
(1585, 'MIANWALA', '43244', 'Punjab'),
(1586, 'MIANWALI GPO', '42200', 'Punjab'),
(1587, 'MIANWALI P.A.F COLONY', '42206', 'Punjab'),
(1588, 'MICHAN KHEL ADDA LAKKI MARWAT', '28520', 'Khyber Pakhtunkhwa'),
(1589, 'MIDH RANJHA', '40460', 'Punjab'),
(1590, 'MILITARY FARMS OKARA', '56350', 'Punjab'),
(1591, 'MINCHIN ABAD', '62230', 'Punjab'),
(1592, 'MINWAL', '48690', 'Punjab'),
(1593, 'MIR ALI', '28170', 'Khyber Pakhtunkhwa'),
(1594, 'MIR ALI ADDA', '28180', 'Khyber Pakhtunkhwa'),
(1595, 'MIRAN MACHI', '77214', 'Sindh'),
(1596, 'MIRJAL', '43320', 'Punjab'),
(1597, 'MIRO KAHN', '77270', 'Sindh'),
(1598, 'MIRPUR GPO', '10250', 'Azad Kashmir'),
(1599, 'MIRPUR KHAS GPO', '69000', 'Sindh'),
(1600, 'MIRPUR BATHORO', '73030', 'Sindh'),
(1601, 'MIRPUR BURIRO', '79120', 'Sindh'),
(1602, 'MIRPUR MATHELO', '65040', 'Sindh'),
(1603, 'MIRPUR SAKRO', '73240', 'Sindh'),
(1604, 'MIRWAH', '66150', 'Sindh'),
(1605, 'MIRWAH GORCHANI', '69370', 'Sindh'),
(1606, 'MIRYAN', '28050', 'Khyber Pakhtunkhwa'),
(1607, 'MIRZA', '43680', 'Punjab'),
(1608, 'MISALI MIDDLE PUBLIC SCHOOL PIR JIHANIA', '34220', 'Punjab'),
(1609, 'MISGAR', '15900', 'Gilgit Baltistan'),
(1610, 'MISRI BANDA', '24060', 'Khyber Pakhtunkhwa'),
(1611, 'MISSA KASWAL', '47980', 'Punjab'),
(1612, 'MISSAN WADI', '70014', 'Sindh'),
(1613, 'MITHA KHEL', '27100', 'Khyber Pakhtunkhwa'),
(1614, 'MITHA TIWANA', '41250', 'Punjab'),
(1615, 'MITHAL', '43210', 'Punjab'),
(1616, 'MITHAN KOT', '33600', 'Punjab'),
(1617, 'MITHI', '69230', 'Sindh'),
(1618, 'MITHIANI', '67100', 'Sindh'),
(1619, 'MITHRI VILLAGE', '81350', 'Balochistan'),
(1620, 'MITRAN WALI', '52220', 'Punjab'),
(1621, 'MITRU', '61160', 'Punjab'),
(1622, 'MOAZAM ABAD', '40430', 'Punjab'),
(1623, 'MOCHH', '42310', 'Punjab'),
(1624, 'MODEL COLONY KORANGI', '75100', 'Sindh'),
(1625, 'MOENJODARA', '77070', 'Sindh'),
(1626, 'MOGHALPURA', '54840', 'Punjab'),
(1627, 'MOHABAT DERO', '67060', 'Sindh'),
(1628, 'MOHABATABAD', '23660', 'Khyber Pakhtunkhwa'),
(1629, 'MOHABATI KILLA', '27210', 'Khyber Pakhtunkhwa'),
(1630, 'MOHANDRI BAZAR', '21220', 'Khyber Pakhtunkhwa'),
(1631, 'MOHLANKE', '52072', 'Punjab'),
(1632, 'MOHRA BHUTTIAN', '47920', 'Punjab'),
(1633, 'MOHRA NOORI', '47884', 'Punjab'),
(1634, 'MOHRA SAYYEDAN', '47224', 'Punjab'),
(1635, 'MOHRA SHARIF KOTLI', '11180', 'Azad Kashmir'),
(1636, 'MOHRI', '50110', 'Punjab'),
(1637, 'MOHRI FARMAN SHAH', '12400', 'Azad Kashmir'),
(1638, 'MOHSINABAD', '84810', 'Balochistan'),
(1639, 'MOIL', '10012', 'Azad Kashmir'),
(1640, 'MOINUDDIN PUR', '50760', 'Punjab'),
(1641, 'MONA REMOUNT DEPOT', '50560', 'Punjab'),
(1642, 'MONDKA', '34384', 'Punjab'),
(1643, 'MONG', '50390', 'Punjab'),
(1644, 'MONG BAJRI', '12470', 'Azad Kashmir'),
(1645, 'MONO NAGAR', '43720', 'Punjab'),
(1646, 'MONOO PUR', '39320', 'Punjab'),
(1647, 'MOOLA', '88320', 'Balochistan'),
(1648, 'MOORAT', '43396', 'Punjab'),
(1649, 'MOORAT', '48122', 'Punjab'),
(1650, 'MORE KHUNDA', '39120', 'Punjab'),
(1651, 'MORI', '40342', 'Punjab'),
(1652, 'MORO', '67130', 'Sindh'),
(1653, 'MOWARA', '47370', 'Punjab'),
(1654, 'MUBARIKPUR', '63290', 'Punjab'),
(1655, 'MUBBARIK ALI BURIRO', '67150', 'Sindh'),
(1656, 'MUGHALABAD', '49306', 'Punjab'),
(1657, 'MUHALIWALA', '52390', 'Punjab'),
(1658, 'MUHAMMAD MEDICAL COLLEGE', '69012', 'Sindh'),
(1659, 'MUHAMMAD PUR', '33300', 'Punjab'),
(1660, 'MUHAMMAD SALAM PALLI', '69080', 'Sindh'),
(1661, 'MULAYA', '22420', 'Punjab'),
(1662, 'MULLAZAI', '29440', 'Khyber Pakhtunkhwa'),
(1663, 'MULTAN GPO', '60000', 'Punjab'),
(1664, 'MULTAN ARMY AVIATION BASE', '60050', 'Punjab'),
(1665, 'MULTAN FERTILIZER PROJECT', '59060', 'Punjab'),
(1666, 'MULTAN KHURD', '48030', 'Punjab'),
(1667, 'MUMTAZ ABAD', '60600', 'Punjab'),
(1668, 'MUNDA', '18500', 'Khyber Pakhtunkhwa'),
(1669, 'MUNDEKE GORAYA', '51140', 'Punjab'),
(1670, 'MUNDEY', '48670', 'Punjab'),
(1671, 'MURAD MEMON GOTH (KP-974)', '75040', 'Sindh'),
(1672, 'MURADPUR', '21360', 'Khyber Pakhtunkhwa'),
(1673, 'MURALA', '50354', 'Punjab'),
(1674, 'MURGHA', '85100', 'Balochistan'),
(1675, 'MURID', '48610', 'Punjab'),
(1676, 'MURID WALA', '37020', 'Punjab'),
(1677, 'MURIDKE', '39000', 'Punjab'),
(1678, 'MURREE GPO', '47150', 'Punjab'),
(1679, 'MURREE BREWARY RAWALPINDI', '46120', 'Punjab'),
(1680, 'MURREE CLIFDON', '47118', 'Punjab'),
(1681, 'MURYALI', '29080', 'Khyber Pakhtunkhwa'),
(1682, 'MUSA', '43460', 'Punjab'),
(1683, 'MUSA KEL', '84700', 'Balochistan'),
(1684, 'MUSA KHEL', '42210', 'Punjab'),
(1685, 'MUSA ZAI', '29320', 'Khyber Pakhtunkhwa'),
(1686, 'MUSA ZAI', '24360', 'Khyber Pakhtunkhwa'),
(1687, 'MUSLIM ABAD', '21020', 'Khyber Pakhtunkhwa'),
(1688, 'MUSLIM BAGH', '85500', 'Balochistan'),
(1689, 'MUSTAFABAD KASUR', '55110', 'Punjab'),
(1690, 'MUZAFFARABAD GPO', '13100', 'Azad Kashmir'),
(1691, 'MUZAFFARGARH GPO', '34200', 'Punjab'),
(1692, 'NABI SIR ROAD', '69200', 'Sindh'),
(1693, 'NAG', '88430', 'Balochistan'),
(1694, 'NAGAR', '15650', 'Gilgit Baltistan'),
(1695, 'NAGAR', '17240', 'Khyber Pakhtunkhwa'),
(1696, 'NAGAR PARKAR', '69260', 'Sindh'),
(1697, 'NAGIAL', '49324', 'Punjab'),
(1698, 'NAGIAL CHAMKOWN VALLEY', '49122', 'Punjab'),
(1699, 'NAGRI BALA', '22260', 'Khyber Pakhtunkhwa'),
(1700, 'NAGRI TOTLIAL', '22350', 'Khyber Pakhtunkhwa'),
(1701, 'NAGRIAN', '50934', 'Punjab'),
(1702, 'NAHAR KOT', '84830', 'Balochistan'),
(1703, 'NAINA KOT', '51820', 'Punjab'),
(1704, 'NAKA AFGHANAN', '43030', 'Punjab'),
(1705, 'NAKA KAHUT', '48110', 'Punjab'),
(1706, 'NAKIAL', '11170', 'Azad Kashmir'),
(1707, 'NALIAN', '12070', 'Azad Kashmir'),
(1708, 'NALLA MUSILMANAN', '47430', 'Punjab'),
(1709, 'NAMLI MAIRA', '22250', 'Khyber Pakhtunkhwa'),
(1710, 'NANDO SHAHAR', '72250', 'Sindh'),
(1711, 'NANDRAKABAD', '43052', 'Punjab'),
(1712, 'NANKANA SAHIB', '39100', 'Punjab'),
(1713, 'NAODERO', '77360', 'Sindh'),
(1714, 'NAR', '11040', 'Azad Kashmir'),
(1715, 'NAR MUZAFFAR KHAN', '28340', 'Khyber Pakhtunkhwa'),
(1716, 'NARA', '22550', 'Khyber Pakhtunkhwa'),
(1717, 'NARA', '43120', 'Punjab'),
(1718, 'NARA', '47384', 'Punjab'),
(1719, 'NARALI', '47760', 'Punjab'),
(1720, 'NARAN', '21200', 'Khyber Pakhtunkhwa'),
(1721, 'NARANG MANDI', '39050', 'Punjab'),
(1722, 'NARH', '47360', 'Punjab'),
(1723, 'NARI', '32050', 'Punjab'),
(1724, 'NAROWAL GPO', '51600', 'Punjab'),
(1725, 'NARTOPA', '43450', 'Punjab'),
(1726, 'NARYAB', '26230', 'Khyber Pakhtunkhwa'),
(1727, 'NASARPUR', '70040', 'Sindh'),
(1728, 'NASEERABAD TAXTILE MILLS', '55060', 'Punjab'),
(1729, 'NASIR BAGH', '24700', 'Khyber Pakhtunkhwa'),
(1730, 'NASIRABAD', '15550', 'Gilgit Baltistan'),
(1731, 'NASIRABAD', '92900', 'Balochistan'),
(1732, 'NASIRABAD', '87720', 'Balochistan'),
(1733, 'NASIRABAD LARKANA', '77020', 'Sindh'),
(1734, 'NASRAT KHEL', '26160', 'Khyber Pakhtunkhwa'),
(1735, 'NATHIA GALI', '22280', 'Khyber Pakhtunkhwa'),
(1736, 'NATIONAL WOOD INDUSTRIES LALA MUSA', '50220', 'Punjab'),
(1737, 'NAU KOT', '69220', 'Sindh'),
(1738, 'NAUABAD', '68080', 'Sindh'),
(1739, 'NAULAKHA', '54010', 'Punjab'),
(1740, 'NAUSHERA VIRKAN', '52370', 'Punjab'),
(1741, 'NAUSHERO FEROZ', '67370', 'Sindh'),
(1742, 'NAWAB JESSI KHAN', '12304', 'Azad Kashmir'),
(1743, 'NAWABSHAH GPO', '67450', 'Sindh'),
(1744, 'NAWAN KILLI', '23420', 'Khyber Pakhtunkhwa'),
(1745, 'NAWAN KILLI', '87710', 'Balochistan'),
(1746, 'NAWAN LAHORE', '36280', 'Punjab'),
(1747, 'NAWAN SHAHR', '22080', 'Khyber Pakhtunkhwa'),
(1748, 'NAWAZISH NAGHAR', '35170', 'Punjab'),
(1749, 'NAWSHERA (KHUSHAB)', '41100', 'Punjab'),
(1750, 'NEW TOWN GPO', '74800', 'Sindh'),
(1751, 'NEW CHHOR', '69094', 'Sindh'),
(1752, 'NEW DAMBALO', '72052', 'Sindh'),
(1753, 'NEW JATOI', '67110', 'Sindh'),
(1754, 'NEW KARACHI', '75850', 'Sindh'),
(1755, 'NEW MULTAN', '60650', 'Punjab'),
(1756, 'NIAZ BEG THOKAR', '53700', 'Punjab'),
(1757, 'NICHARA', '88350', 'Balochistan'),
(1758, 'NICHINDI', '48900', 'Punjab'),
(1759, 'NIHANG', '40230', 'Punjab'),
(1760, 'NILA', '48730', 'Punjab'),
(1761, 'NILHAD', '43280', 'Punjab'),
(1762, 'NINDOWAL', '50922', 'Punjab'),
(1763, 'NINTY (90) MORE', '24450', 'Punjab'),
(1764, 'NISATTA', '52334', 'Khyber Pakhtunkhwa'),
(1765, 'NITHRIKE', '52020', 'Punjab'),
(1766, 'NIZAM ABAD', '28030', 'Punjab'),
(1767, 'NIZAM BAZAR', '24010', 'Khyber Pakhtunkhwa'),
(1768, 'NIZAM PUR', '52410', 'Khyber Pakhtunkhwa'),
(1769, 'NIZAM PUR GUJRANWALA', '95050', 'Punjab'),
(1770, 'NOKUNDI', '51580', 'Balochistan'),
(1771, 'NONAR', '40400', 'Punjab'),
(1772, 'NOON SUGAR MILLS BHALWAL', '67180', 'Punjab'),
(1773, 'NOOR JHANIAN', '57080', 'Sindh'),
(1774, 'NOOR SHAH', '73090', 'Punjab'),
(1775, 'NOORIABAD', '63300', 'Sindh'),
(1776, 'NOORPUR NAURANGA', '24100', 'Punjab'),
(1777, 'NOWSHERA GPO', '24110', 'Khyber Pakhtunkhwa'),
(1778, 'NOWSHERA CITY', '51520', 'Khyber Pakhtunkhwa'),
(1779, 'NOWSHERA KAKEZIAN', '48590', 'Punjab'),
(1780, 'NUR PUR', '41270', 'Punjab'),
(1781, 'NUR PUR THAL', '51770', 'Punjab'),
(1782, 'NURKOT', '95200', 'Punjab'),
(1783, 'NUSHKI GPO', '67430', 'Balochistan'),
(1784, 'NUSRAT 60 MILE MORI', '32020', 'Sindh'),
(1785, 'NUTKANI', '70090', 'Punjab'),
(1786, 'ODEROLAL R.S.', '70092', 'Sindh'),
(1787, 'ODEROLAL VILLAGE', '21400', 'Sindh'),
(1788, 'OGHI', '56300', 'Khyber Pakhtunkhwa'),
(1789, 'OKARA GPO', '56320', 'Punjab'),
(1790, 'OKARA 49/3 R', '56410', 'Punjab'),
(1791, 'OKARA AMMUNITION DEPOT', '56400', 'Punjab'),
(1792, 'OKARA CANTONMENT', '16600', 'Punjab'),
(1793, 'OLDING', '75800', 'Gilgit Baltistan'),
(1794, 'ORANGI TOWN', '91400', 'Sindh'),
(1795, 'ORMARA', '89270', 'Balochistan'),
(1796, 'ORNACH', '18750', 'Balochistan'),
(1797, 'OUCH (DIR)', '48660', 'Khyber Pakhtunkhwa'),
(1798, 'OUDHERWAL', '41160', 'Punjab'),
(1799, 'P. A. F. SAKESAR', '43570', 'Punjab'),
(1800, 'P.A.C. KAMRA', '72210', 'Punjab'),
(1801, 'P.A.F. BADIN', '35030', 'Sindh'),
(1802, 'P.A.F. BASE RAFIQI SHOR KOT', '35020', 'Punjab'),
(1803, 'P.A.F. COLONY SHOR KOT', '37510', 'Punjab'),
(1804, 'P.A.F. RISALAY WALA', '24210', 'Punjab'),
(1805, 'PABBI', '24220', 'Khyber Pakhtunkhwa'),
(1806, 'PABBI RAILWAY STATION', '36200', 'Khyber Pakhtunkhwa'),
(1807, 'PACCA ANNA', '48200', 'Punjab'),
(1808, 'PACHAND', '12430', 'Punjab'),
(1809, 'PACHIOT', '95110', 'Azad Kashmir'),
(1810, 'PADAG', '41060', 'Balochistan'),
(1811, 'PADHRAR', '49328', 'Punjab'),
(1812, 'PADHRI', '67330', 'Punjab'),
(1813, 'PADIDAN', '67340', 'Sindh'),
(1814, 'PADIDAN TOWN', '65310', 'Sindh'),
(1815, 'PAF AIRPORT', '79010', 'Sindh'),
(1816, 'PAF BASE SHAHBAZ', '29160', 'Sindh'),
(1817, 'PAHARPUR', '29430', 'Khyber Pakhtunkhwa'),
(1818, 'PAI', '42300', 'Khyber Pakhtunkhwa'),
(1819, 'PAI KHEL', '41050', 'Punjab'),
(1820, 'PAIL', '49232', 'Punjab'),
(1821, 'PAIL MIRZA', '25130', 'Punjab'),
(1822, 'PAK FOREST INSTITUTE PESHAWAR', '22510', 'Khyber Pakhtunkhwa'),
(1823, 'PAK ORDINANCE FACTORIES HAVILIAN', '57400', 'Khyber Pakhtunkhwa'),
(1824, 'PAK PATTAN SHARIF', '65050', 'Punjab'),
(1825, 'PAK SAUDI FERTILIZAR MIRPUR MATHELO', '75030', 'Sindh'),
(1826, 'PAK. MACHINE TOOL FACTORY KARACHI', '75000', 'Sindh'),
(1827, 'PAK. STEEL MILLS KARACHI', '75010', 'Sindh'),
(1828, 'PAK. STEEL MILLS TOWNSHIP KARACHI', '24370', 'Sindh'),
(1829, 'PAKHA GHULAM', '12130', 'Khyber Pakhtunkhwa'),
(1830, 'PAKHONAR', '47030', 'Azad Kashmir'),
(1831, 'PAKISTAN ORDINANCE FACTORY GUDWAL', '45720', 'Punjab'),
(1832, 'PAKISTAN TOWN (KORANG TOWN)', '42204', 'Federal Capital'),
(1833, 'PAKKI SHAH MARDAN', '10520', 'Punjab'),
(1834, 'PALAK', '12010', 'Azad Kashmir'),
(1835, 'PALANDRI GPO', '63030', 'Azad Kashmir'),
(1836, 'PALLAH', '23380', 'Punjab'),
(1837, 'PALO DHERI', '72130', 'Khyber Pakhtunkhwa'),
(1838, 'PANGRIO', '29000', 'Sindh'),
(1839, 'PANIALA', '22690', 'Khyber Pakhtunkhwa'),
(1840, 'PANIAN', '12420', 'Khyber Pakhtunkhwa'),
(1841, 'PANIOLA', '30120', 'Azad Kashmir'),
(1842, 'PANJ GIRAIN', '47350', 'Punjab'),
(1843, 'PANJAR', '11120', 'Punjab'),
(1844, 'PANJERA', '10400', 'Azad Kashmir'),
(1845, 'PANJERI', '93000', 'Azad Kashmir'),
(1846, 'PANJGUR', '76172', 'Balochistan'),
(1847, 'PANJMORO', '63420', 'Sindh'),
(1848, 'PANJNAD', '23630', 'Punjab'),
(1849, 'PANJPIR', '65130', 'Khyber Pakhtunkhwa'),
(1850, 'PANNU AKIL CANTT.', '65120', 'Sindh'),
(1851, 'PANO AKIL', '12034', 'Sindh'),
(1852, 'PANTHAL', '39650', 'Azad Kashmir'),
(1853, 'PANWAN', '52326', 'Punjab'),
(1854, 'PAPNAKHA', '17140', 'Punjab'),
(1855, 'PARA BEG', '26300', 'Khyber Pakhtunkhwa'),
(1856, 'PARACHINAR', '21370', 'Khyber Pakhtunkhwa'),
(1857, 'PARHENA', '49210', 'Khyber Pakhtunkhwa'),
(1858, 'PARI DARWEZA', '29230', 'Punjab'),
(1859, 'PAROA', '47630', 'Khyber Pakhtunkhwa'),
(1860, 'PARYAL', '91300', 'Punjab'),
(1861, 'PASNI', '51480', 'Balochistan'),
(1862, 'PASRUR', '93100', 'Punjab'),
(1863, 'PATAK', '20200', 'Balochistan'),
(1864, 'PATTAN', '76122', 'Khyber Pakhtunkhwa'),
(1865, 'PATTARO CANTT.', '13210', 'Sindh'),
(1866, 'PATTIKA', '55300', 'Azad Kashmir'),
(1867, 'PATTOKI', '48052', 'Punjab'),
(1868, 'PATWALI', '24820', 'Punjab'),
(1869, 'PAWAKA', '58152', 'Khyber Pakhtunkhwa'),
(1870, 'PEEROWAL', '50950', 'Punjab'),
(1871, 'PERO SHAH', '25000', 'Punjab'),
(1872, 'PESHAWAR GPO', '25160', 'Khyber Pakhtunkhwa'),
(1873, 'PESHAWAR C.T. TRAINING SCHOOL', '25110', 'Khyber Pakhtunkhwa'),
(1874, 'PESHAWAR EDUCATION BOARD', '24720', 'Khyber Pakhtunkhwa'),
(1875, 'PESHAWAR INDUSTRIAL ESTATE', '25210', 'Khyber Pakhtunkhwa'),
(1876, 'PESHAWAR POLY TECHNICAL COLLEGE', '25120', 'Khyber Pakhtunkhwa'),
(1877, 'PESHAWAR UNIVERSITY', '91220', 'Khyber Pakhtunkhwa'),
(1878, 'PESHKAN', '21042', 'Balochistan'),
(1879, 'PESHORA', '76120', 'Khyber Pakhtunkhwa'),
(1880, 'PETARO CADET COLLEGE', '47200', 'Sindh'),
(1881, 'PHAGWARI', '50430', 'Punjab'),
(1882, 'PHALIA', '47216', 'Punjab'),
(1883, 'PHAPRIL', '51280', 'Punjab'),
(1884, 'PHUKLIAN', '67380', 'Punjab'),
(1885, 'PHUL', '40570', 'Sindh'),
(1886, 'PHULAR WAN', '76220', 'Punjab'),
(1887, 'PHULJI', '21380', 'Sindh'),
(1888, 'PHULRA', '49100', 'Khyber Pakhtunkhwa'),
(1889, 'PIANANWAL', '88360', 'Punjab'),
(1890, 'PIDRAN', '49040', 'Balochistan'),
(1891, 'PIND DADAN KHAN', '22710', 'Punjab'),
(1892, 'PIND HASHAM KHAN', '10510', 'Khyber Pakhtunkhwa'),
(1893, 'PIND KALAN', '22110', 'Azad Kashmir'),
(1894, 'PIND KARGO KHAN', '45624', 'Khyber Pakhtunkhwa'),
(1895, 'PIND MALKAN', '49512', 'Federal Capital'),
(1896, 'PIND RAJWAL', '43230', 'Punjab'),
(1897, 'PIND SULTANI', '52180', 'Punjab'),
(1898, 'PINDI BHATIAN', '43260', 'Punjab'),
(1899, 'PINDI GHEB', '48890', 'Punjab'),
(1900, 'PINDI GUJRAN', '50306', 'Punjab'),
(1901, 'PINDI KALU', '49110', 'Punjab'),
(1902, 'PINDI SAIDPUR', '43122', 'Punjab'),
(1903, 'PINDI SARHAL', '37140', 'Punjab'),
(1904, 'PINDI SHIEKH MUSA', '47610', 'Punjab'),
(1905, 'PINDOORI (CHAK BALI KHAN)', '47950', 'Punjab'),
(1906, 'PINDORI', '16810', 'Punjab'),
(1907, 'PION', '28150', 'Gilgit Baltistan'),
(1908, 'PIPAL BAZAR', '19280', 'Khyber Pakhtunkhwa'),
(1909, 'PIPAL BAZAR', '77370', 'Khyber Pakhtunkhwa'),
(1910, 'PIR BUX BHUTTO', '18760', 'Sindh'),
(1911, 'PIR KHEL', '36300', 'Khyber Pakhtunkhwa'),
(1912, 'PIR MAHAL', '35480', 'Punjab'),
(1913, 'PIR PUNJA', '24050', 'Punjab'),
(1914, 'PIR SABAQ', '48120', 'Khyber Pakhtunkhwa'),
(1915, 'PIRA FATHIAL', '59030', 'Punjab'),
(1916, 'PIRAN GHAIB', '35520', 'Punjab'),
(1917, 'PIRKOT SADHANA', '24180', 'Punjab'),
(1918, 'PIRPAI', '66000', 'Khyber Pakhtunkhwa'),
(1919, 'PIRYALO', '86700', 'Sindh'),
(1920, 'PISHIN', '69060', 'Balochistan'),
(1921, 'PITHARO', '10036', 'Sindh'),
(1922, 'PITHO RANI', '23270', 'Azad Kashmir'),
(1923, 'PLAI', '12508', 'Khyber Pakhtunkhwa'),
(1924, 'PLANGI', '68040', 'Azad Kashmir'),
(1925, 'POLICE TRAINING SCHOOL SHAHDADPUR', '10100', 'Sindh'),
(1926, 'POONA', '75020', 'Azad Kashmir'),
(1927, 'PORT QASIM', '11014', 'Sindh'),
(1928, 'POTHA', '10450', 'Azad Kashmir'),
(1929, 'POTHA BAINSI', '47690', 'Azad Kashmir'),
(1930, 'POTHI', '66030', 'Punjab'),
(1931, 'PRI JO GOTH', '64230', 'Sindh'),
(1932, 'PULL SUNNY', '40464', 'Punjab'),
(1933, 'PUNJA', '58258', 'Punjab'),
(1934, 'PUNJA KASSI', '58240', 'Punjab'),
(1935, 'PUNJAB SMALL INDUSTRY', '47830', 'Punjab'),
(1936, 'PUNJGRAN KHURD', '57480', 'Punjab'),
(1937, 'QABULA', '41300', 'Punjab'),
(1938, 'QAID ABAD', '63040', 'Punjab'),
(1939, 'QAIM PUR', '22000', 'Punjab'),
(1940, 'QALANDERABAD', '85300', 'Khyber Pakhtunkhwa'),
(1941, 'QAMAR-UD-DIN KAREZ', '67160', 'Balochistan'),
(1942, 'QAMARABAD', '71100', 'Sindh'),
(1943, 'QASIMABAD', '52100', 'Sindh'),
(1944, 'QASIRABAD COLONY', '67200', 'Punjab'),
(1945, 'QAZI AHMED', '39350', 'Sindh'),
(1946, 'QILA SHEIKHUPURA GPO', '51540', 'Punjab'),
(1947, 'QILA AHMED ABAD (QILA SOBHA SINGH)', '52330', 'Punjab'),
(1948, 'QILA DIDAR SINGH', '52360', 'Punjab'),
(1949, 'QILA MIAN SINGH', '21420', 'Punjab'),
(1950, 'QILAGAY', '12090', 'Khyber Pakhtunkhwa'),
(1951, 'QILLAN', '75120', 'Azad Kashmir'),
(1952, 'QUAIDABAD', '77310', 'Sindh'),
(1953, 'QUBO SAEED KHAN', '87300', 'Sindh'),
(1954, 'QUETTA GPO', '87650', 'Balochistan'),
(1955, 'QUETTA AIR PORT', '34310', 'Balochistan'),
(1956, 'QURESHI', '76310', 'Punjab'),
(1957, 'RADHAN', '75210', 'Sindh'),
(1958, 'RAFA-E-AAM SOCIETY KARACHI', '12320', 'Sindh'),
(1959, 'RAHARA', '19210', 'Azad Kashmir'),
(1960, 'RAHIM ABAD', '12110', 'Khyber Pakhtunkhwa'),
(1961, 'RAHIMABAD', '13250', 'Azad Kashmir'),
(1962, 'RAHIMKOT', '64200', 'Azad Kashmir'),
(1963, 'RAHIMYAR KHAN GPO', '76060', 'Punjab'),
(1964, 'RAILWAY CROSSING JAMSHORO', '26196', 'Sindh'),
(1965, 'RAISAN', '43444', 'Khyber Pakhtunkhwa'),
(1966, 'RAITLA MANDI', '55150', 'Punjab'),
(1967, 'RAIWIND', '55140', 'Punjab'),
(1968, 'RAJA JANG', '33500', 'Punjab'),
(1969, 'RAJAN PUR', '36070', 'Punjab'),
(1970, 'RAJANA ROAD', '41340', 'Punjab'),
(1971, 'RAJAR', '24480', 'Punjab'),
(1972, 'RAJJAR', '72110', 'Khyber Pakhtunkhwa'),
(1973, 'RAJO KHANANI', '22530', 'Sindh'),
(1974, 'RAJOYA', '84500', 'Khyber Pakhtunkhwa'),
(1975, 'RAKHNI', '62120', 'Balochistan'),
(1976, 'RAM PURA', '29232', 'Punjab'),
(1977, 'RAMAK', '47810', 'Khyber Pakhtunkhwa'),
(1978, 'RAMAN', '50172', 'Punjab'),
(1979, 'RANDHIR BAGRIAN', '34650', 'Punjab'),
(1980, 'RANG PUR', '12610', 'Punjab'),
(1981, 'RANGLA', '43232', 'Azad Kashmir'),
(1982, 'RANGLI', '43500', 'Punjab'),
(1983, 'RANGOO', '29206', 'Punjab'),
(1984, 'RANGPUR', '41320', 'Khyber Pakhtunkhwa'),
(1985, 'RANGPUR BAGHOR', '66100', 'Punjab'),
(1986, 'RANI PUR', '20300', 'Sindh'),
(1987, 'RANOLIA', '84900', 'Khyber Pakhtunkhwa'),
(1988, 'RAR KAN', '84600', 'Balochistan'),
(1989, 'RARA SHAM', '21036', 'Balochistan'),
(1990, 'RASHANG', '70012', 'Khyber Pakhtunkhwa'),
(1991, 'RASHIDABAD', '24070', 'Sindh'),
(1992, 'RASKAI', '50370', 'Khyber Pakhtunkhwa'),
(1993, 'RASUL', '50380', 'Punjab'),
(1994, 'RASUL G.C.T.', '52090', 'Punjab'),
(1995, 'RASUL NAGAR', '77380', 'Punjab'),
(1996, 'RATO DERA', '10540', 'Sindh'),
(1997, 'RATTA', '12350', 'Azad Kashmir'),
(1998, 'RAWALKOT GPO', '46000', 'Azad Kashmir'),
(1999, 'RAWALPINDI GPO', '46606', 'Punjab'),
(2000, 'RAWALPINDI ADYALA ROAD', '46050', 'Punjab'),
(2001, 'RAWALPINDI ALLAMA IQBAL COLONY', '46040', 'Punjab'),
(2002, 'RAWALPINDI ASGHAR MALL', '46600', 'Punjab'),
(2003, 'RAWALPINDI ATTOCK OIL COMPANY', '46220', 'Punjab'),
(2004, 'RAWALPINDI BAHRIA TOWN (PHASE 1', '46602', 'Punjab'),
(2005, 'RAWALPINDI BISE MORGAH', '46520', 'Punjab'),
(2006, 'RAWALPINDI CHAK JALAL DIN', '46210', 'Punjab'),
(2007, 'RAWALPINDI CHAKLALA AIR FIELD', '46500', 'Punjab'),
(2008, 'RAWALPINDI DHAMIAL CAMP', '46330', 'Punjab'),
(2009, 'RAWALPINDI FIZAIA COLONY', '46100', 'Punjab'),
(2010, 'RAWALPINDI GENERAL HEADQUARTERS', '46222', 'Punjab'),
(2011, 'RAWALPINDI GULZAR-E-QUAID', '46610', 'Punjab'),
(2012, 'RAWALPINDI HIGH COURT', '46310', 'Punjab'),
(2013, 'RAWALPINDI JUDICIAL TOWN', '46070', 'Punjab'),
(2014, 'RAWALPINDI KOHINOOR COLONY', '46510', 'Punjab'),
(2015, 'RAWALPINDI KUTCHERY', '46010', 'Punjab'),
(2016, 'RAWALPINDI MOMIN PURA', '46350', 'Punjab'),
(2017, 'RAWALPINDI PIR WADHAI', '46320', 'Punjab'),
(2018, 'RAWALPINDI RAJA TOWN', '46030', 'Punjab'),
(2019, 'RAWALPINDI SAIDPUR ROAD', '46300', 'Punjab'),
(2020, 'RAWALPINDI SATELLITE TOWN', '46020', 'Punjab'),
(2021, 'RAWALPINDI URDU BAZAR', '46060', 'Punjab'),
(2022, 'RAWALPINDI WESTRIDGE', '39018', 'Punjab'),
(2023, 'RAYYANPURA', '28260', 'Punjab'),
(2024, 'RAZKAK CADET COLLEGE', '28270', 'Khyber Pakhtunkhwa'),
(2025, 'RAZMAK', '12550', 'Khyber Pakhtunkhwa'),
(2026, 'REERA BAZAR', '24710', 'Azad Kashmir'),
(2027, 'REGI', '22600', 'Khyber Pakhtunkhwa'),
(2028, 'REHANA', '29012', 'Khyber Pakhtunkhwa'),
(2029, 'REHMANI KHEL', '48604', 'Khyber Pakhtunkhwa'),
(2030, 'REHNA SADAT', '56130', 'Punjab'),
(2031, 'RENALA KHURD', '17110', 'Punjab'),
(2032, 'RESHUN', '32040', 'Khyber Pakhtunkhwa'),
(2033, 'RETRA', '45900', 'Punjab'),
(2034, 'REWAT', '54510', 'Federal Capital'),
(2035, 'REWAZ GARDEN', '22106', 'Punjab'),
(2036, 'RICHH BHAN', '23470', 'Khyber Pakhtunkhwa'),
(2037, 'RIGHT BANK (TARBELLA)', '42250', 'Khyber Pakhtunkhwa'),
(2038, 'RIKHI', '81410', 'Punjab'),
(2039, 'RIND ALI', '24080', 'Balochistan'),
(2040, 'RISAL PUR', '24090', 'Khyber Pakhtunkhwa'),
(2041, 'RISAL PUR P.A.F', '55170', 'Khyber Pakhtunkhwa'),
(2042, 'ROBBY TAXTILE MILL KASUR', '41030', 'Punjab'),
(2043, 'RODA', '30160', 'Punjab'),
(2044, 'RODI', '34400', 'Punjab'),
(2045, 'ROHILAN WALI', '65170', 'Punjab'),
(2046, 'ROHRI', '65180', 'Sindh'),
(2047, 'ROHRI CEMENT WORKS', '49370', 'Sindh'),
(2048, 'ROHTAS', '33700', 'Punjab'),
(2049, 'ROJHAN', '48684', 'Punjab'),
(2050, 'ROOPWAL', '37200', 'Punjab'),
(2051, 'RORALA ROAD', '35160', 'Punjab'),
(2052, 'RUDO SULTAN', '78064', 'Punjab'),
(2053, 'RUK', '50510', 'Sindh'),
(2054, 'RUKKAN', '47640', 'Punjab'),
(2055, 'RUPER KALAN', '23370', 'Punjab'),
(2056, 'RUSTAM', '50020', 'Khyber Pakhtunkhwa'),
(2057, 'SAADAT PUR', '27000', 'Punjab'),
(2058, 'SABIR ABAD', '50932', 'Khyber Pakhtunkhwa'),
(2059, 'SABOUR', '50750', 'Punjab'),
(2060, 'SABOWAL', '54572', 'Punjab'),
(2061, 'SABZAZAR', '26290', 'Punjab'),
(2062, 'SADDA', '29140', 'Khyber Pakhtunkhwa'),
(2063, 'SADDAR BAZAR DERA ISMAIL KHAN', '47090', 'Khyber Pakhtunkhwa'),
(2064, 'SADDAT COLONY', '21046', 'Punjab'),
(2065, 'SADEN MIRA', '52368', 'Khyber Pakhtunkhwa'),
(2066, 'SADHOKE', '64350', 'Punjab'),
(2067, 'SADIK ABAD', '63360', 'Punjab'),
(2068, 'SADIQ GARH PALACE', '63180', 'Punjab'),
(2069, 'SADIQ PUBLIC SCHOOL BAHAWALPUR', '62250', 'Punjab'),
(2070, 'SADIQIA', '67120', 'Punjab'),
(2071, 'SADOJA', '48600', 'Sindh'),
(2072, 'SADWAL', '70100', 'Punjab'),
(2073, 'SAEEDABAD', '46620', 'Sindh'),
(2074, 'SAFARI VALLEY (BAHRIA PHASE 5', '39540', 'Punjab'),
(2075, 'SAFDAR ABAD', '48150', 'Punjab'),
(2076, 'SAGHAR', '49390', 'Punjab'),
(2077, 'SAGRI', '47540', 'Punjab'),
(2078, 'SAGRI', '57000', 'Punjab'),
(2079, 'SAHIWAL GPO', '40210', 'Punjab'),
(2080, 'SAHIWAL (SARGODHA)', '57040', 'Punjab'),
(2081, 'SAHIWAL GOVERNMENT COLLEGE', '63354', 'Punjab'),
(2082, 'SAHIWALA', '51060', 'Punjab'),
(2083, 'SAHOWALA', '37750', 'Punjab'),
(2084, 'SAHUWALA (CHAK 132/RB)', '51274', 'Punjab'),
(2085, 'SAIDPUR', '19200', 'Punjab'),
(2086, 'SAIDU SHARIF GPO', '48830', 'Khyber Pakhtunkhwa'),
(2087, 'SAIGAL ABAD', '40220', 'Punjab'),
(2088, 'SAIL SHARIF', '17234', 'Punjab'),
(2089, 'SAIR DOOR', '25170', 'Khyber Pakhtunkhwa'),
(2090, 'SAKHI CHASHMA', '32300', 'Khyber Pakhtunkhwa'),
(2091, 'SAKHI SARWAR', '47444', 'Punjab'),
(2092, 'SAKOOT', '67210', 'Punjab'),
(2093, 'SAKRAND', '24270', 'Sindh'),
(2094, 'SALEH KHANA', '65150', 'Khyber Pakhtunkhwa'),
(2095, 'SALEH PAT', '48420', 'Sindh'),
(2096, 'SALOI', '43480', 'Punjab'),
(2097, 'SAMAN', '18600', 'Punjab'),
(2098, 'SAMAR BAGH', '69150', 'Khyber Pakhtunkhwa'),
(2099, 'SAMAR ROAD', '69350', 'Sindh'),
(2100, 'SAMARO', '63250', 'Sindh'),
(2101, 'SAMASATTA', '51070', 'Punjab'),
(2102, 'SAMBRIAL', '32230', 'Punjab'),
(2103, 'SAMINA', '10060', 'Punjab'),
(2104, 'SAMINANI', '47104', 'Azad Kashmir'),
(2105, 'SAMLI SANATORIUM', '15120', 'Punjab'),
(2106, 'SAMMAYAR', '47490', 'Gilgit Baltistan'),
(2107, 'SAMOTE', '50982', 'Punjab'),
(2108, 'SAMRALA', '37300', 'Punjab'),
(2109, 'SAMUNDRI', '87600', 'Punjab'),
(2110, 'SAMUNGALI', '36320', 'Balochistan'),
(2111, 'SANDHLIAN WALI', '47700', 'Punjab'),
(2112, 'SANG', '48704', 'Punjab'),
(2113, 'SANG KALAN', '48034', 'Punjab'),
(2114, 'SANG WALA', '68100', 'Punjab'),
(2115, 'SANGHAR GPO', '49700', 'Sindh'),
(2116, 'SANGHOI', '12390', 'Punjab'),
(2117, 'SANGHOLA', '39600', 'Azad Kashmir'),
(2118, 'SANGLA HILL', '47294', 'Punjab'),
(2119, 'SANGRAL', '64460', 'Punjab'),
(2120, 'SANJAR PUR', '43670', 'Punjab'),
(2121, 'SANJWAL PAKISTAN ORDNANCE FACTORY', '51650', 'Punjab'),
(2122, 'SANKHATRA', '76130', 'Punjab'),
(2123, 'Sann', '81450', 'Sindh'),
(2124, 'SANNI', '25230', 'Balochistan'),
(2125, 'SAR BAND', '48570', 'Khyber Pakhtunkhwa'),
(2126, 'SAR KALAN', '95210', 'Punjab'),
(2127, 'SAR MALL', '50000', 'Balochistan'),
(2128, 'SARAI ALAMGIR', '22694', 'Punjab'),
(2129, 'Sarai Gaddai', '28370', 'Khyber Pakhtunkhwa'),
(2130, 'SARAI GAMBILA', '28200', 'Khyber Pakhtunkhwa'),
(2131, 'SARAI MIRANSHAH', '30020', 'Khyber Pakhtunkhwa'),
(2132, 'SARAI MOHAJIR', '28350', 'Punjab'),
(2133, 'SARAI NAURANG', '28352', 'Khyber Pakhtunkhwa'),
(2134, 'SARAI NAURANG MAIN BAZAR', '22720', 'Khyber Pakhtunkhwa'),
(2135, 'SARAI NIAMAT KHAN', '22590', 'Khyber Pakhtunkhwa'),
(2136, 'SARAI SALEH', '58190', 'Khyber Pakhtunkhwa'),
(2137, 'SARAI SIDHU', '86400', 'Punjab'),
(2138, 'SARANAN', '29480', 'Balochistan'),
(2139, 'SARAROGHA', '80810', 'Khyber Pakhtunkhwa'),
(2140, 'SARDAR CHANGEZ KHAN', '61240', 'Balochistan'),
(2141, 'SARDAR PUR JHANDEER', '24460', 'Punjab'),
(2142, 'SARDHERI BAZAR', '45410', 'Khyber Pakhtunkhwa'),
(2143, 'SAREE CHOWK', '40100', 'Federal Capital'),
(2144, 'SARGODHA GPO', '40190', 'Punjab'),
(2145, 'SARGODHA CANTT', '40180', 'Punjab'),
(2146, 'SARGODHA P.A.F BASE', '40160', 'Punjab'),
(2147, 'SARGODHA SECONDARY BOARD', '40170', 'Punjab'),
(2148, 'SARGODHA TAXTILE MILLS', '65100', 'Punjab'),
(2149, 'SARHAD', '68010', 'Sindh'),
(2150, 'SARHARI', '87900', 'Sindh'),
(2151, 'SARIAB', '87550', 'Balochistan'),
(2152, 'SARIAB ROAD', '50994', 'Balochistan'),
(2153, 'SARIYA', '49024', 'Punjab'),
(2154, 'SAROBA', '26250', 'Punjab'),
(2155, 'SAROZAI', '11110', 'Khyber Pakhtunkhwa'),
(2156, 'SARSAWA', '29510', 'Azad Kashmir'),
(2157, 'SARWAKAI', '47890', 'Khyber Pakhtunkhwa'),
(2158, 'SASRAL', '69020', 'Punjab'),
(2159, 'SATELITTE TOWN MIRPUR KHAS', '87500', 'Sindh'),
(2160, 'SATELLITE TOWN QUETTA', '37450', 'Balochistan'),
(2161, 'SATIANA BANGLOW', '51500', 'Punjab'),
(2162, 'SATRAH', '23280', 'Punjab'),
(2163, 'SATTAR KHAN COLONY', '22570', 'Khyber Pakhtunkhwa'),
(2164, 'SATURA', '49070', 'Khyber Pakhtunkhwa'),
(2165, 'SAUWAL', '23430', 'Punjab'),
(2166, 'SAWABI', '23360', 'Khyber Pakhtunkhwa'),
(2167, 'SAWAL DHER', '47820', 'Khyber Pakhtunkhwa'),
(2168, 'SAYYAD KISRAN', '39150', 'Punjab'),
(2169, 'SAYYED WALA', '60750', 'Punjab'),
(2170, 'SECONDARY BOARD', '11020', 'Punjab'),
(2171, 'SEHER MANDI', '12174', 'Azad Kashmir'),
(2172, 'SEHIRA', '50150', 'Azad Kashmir'),
(2173, 'SEHNA', '11010', 'Punjab'),
(2174, 'SEHNSA', '47204', 'Azad Kashmir'),
(2175, 'SEHR BAGLA', '76140', 'Punjab'),
(2176, 'SEHWAN', '26120', 'Sindh'),
(2177, 'SENI GUMBAT', '11210', 'Khyber Pakhtunkhwa'),
(2178, 'SERI', '16350', 'Azad Kashmir'),
(2179, 'SERMIK', '66200', 'Gilgit Baltistan'),
(2180, 'SETHARJA', '28120', 'Sindh'),
(2181, 'SHABAZ AZMAT KHEL', '24630', 'Khyber Pakhtunkhwa'),
(2182, 'SHABQADAR FORT', '32150', 'Khyber Pakhtunkhwa'),
(2183, 'SHADAN LUND', '43530', 'Punjab'),
(2184, 'SHADI KHAN', '67204', 'Punjab'),
(2185, 'SHADI KHAN CHANDIO', '69050', 'Sindh'),
(2186, 'SHADI PAL', '42120', 'Sindh'),
(2187, 'SHADIA', '50680', 'Punjab'),
(2188, 'SHADIWAL', '54100', 'Punjab'),
(2189, 'SHAH ALAM MARKET', '45220', 'Punjab'),
(2190, 'SHAH ALLAH DITTA', '23390', 'Federal Capital'),
(2191, 'SHAH BAZ GARHI', '17080', 'Khyber Pakhtunkhwa'),
(2192, 'SHAH GRAM', '34370', 'Khyber Pakhtunkhwa'),
(2193, 'SHAH JAMAL', '35550', 'Punjab'),
(2194, 'SHAH JEWANA MANDI', '35560', 'Punjab'),
(2195, 'SHAH JEWNA CITY', '84850', 'Punjab'),
(2196, 'SHAH KAREZ', '39630', 'Balochistan'),
(2197, 'SHAH KOT', '23650', 'Punjab'),
(2198, 'SHAH MANSOOR', '40000', 'Khyber Pakhtunkhwa'),
(2199, 'SHAH NIKDAR', '31150', 'Punjab'),
(2200, 'SHAH PUR', '40610', 'Punjab'),
(2201, 'SHAH PUR CITY', '40600', 'Punjab'),
(2202, 'SHAH PUR SADAR', '32170', 'Punjab'),
(2203, 'SHAH SADDAR DIN', '28426', 'Punjab'),
(2204, 'SHAHBAZ KHEL', '77300', 'Khyber Pakhtunkhwa'),
(2205, 'SHAHDAD KOT', '68030', 'Sindh'),
(2206, 'SHAHDADPUR', '54950', 'Sindh'),
(2207, 'SHAHDARA BAGH', '40130', 'Punjab'),
(2208, 'SHAHEENABAD', '54110', 'Punjab'),
(2209, 'SHAHI MOHALLAH', '92500', 'Punjab'),
(2210, 'SHAHI TUMP', '18210', 'Balochistan'),
(2211, 'SHAHIBABAD', '68200', 'Khyber Pakhtunkhwa'),
(2212, 'SHAHPUR CHAKAR', '48824', 'Sindh'),
(2213, 'SHAHPUR SYDAN', '24030', 'Punjab'),
(2214, 'SHAIDU', '26380', 'Khyber Pakhtunkhwa'),
(2215, 'SHAKAR DARA', '51800', 'Khyber Pakhtunkhwa'),
(2216, 'SHAKAR GARH', '24508', 'Punjab'),
(2217, 'SHAKOOR', '21410', 'Khyber Pakhtunkhwa'),
(2218, 'SHAM DHERA', '43490', 'Khyber Pakhtunkhwa'),
(2219, 'SHAMS ABAD', '39460', 'Punjab'),
(2220, 'SHARAQ PUR', '13232', 'Punjab'),
(2221, 'SHARDA', '82400', 'Azad Kashmir'),
(2222, 'SHARIGH', '18050', 'Balochistan'),
(2223, 'SHARINGAL', '34410', 'Khyber Pakhtunkhwa'),
(2224, 'SHEHAR SULTAN', '70200', 'Punjab'),
(2225, 'SHEIKH BHARKIO', '57214', 'Sindh'),
(2226, 'SHEIKH FAZAL', '23422', 'Punjab'),
(2227, 'SHEIKH JANA', '50764', 'Khyber Pakhtunkhwa'),
(2228, 'SHEIKH PUR', '24470', 'Punjab'),
(2229, 'SHEIKHABAD', '22090', 'Khyber Pakhtunkhwa'),
(2230, 'SHEIKHUL BANDI', '39040', 'Khyber Pakhtunkhwa'),
(2231, 'SHEIKHUPURA SERVICE INDUSTRY', '23100', 'Punjab'),
(2232, 'SHER GARH', '56140', 'Khyber Pakhtunkhwa'),
(2233, 'SHER GARH', '21450', 'Punjab'),
(2234, 'SHER GARH (MANSEHRA)', '26014', 'Khyber Pakhtunkhwa'),
(2235, 'SHER KOT', '85210', 'Khyber Pakhtunkhwa'),
(2236, 'SHERANI', '85220', 'Balochistan'),
(2237, 'SHERANI BAZAR', '24860', 'Balochistan');

-- --------------------------------------------------------

--
-- Table structure for table `coupans`
--

CREATE TABLE `coupans` (
  `id` bigint(20) UNSIGNED NOT NULL,
  `code` varchar(255) COLLATE utf8mb4_unicode_ci NOT NULL,
  `discount` int(11) NOT NULL,
  `created_at` timestamp NULL DEFAULT NULL,
  `updated_at` timestamp NULL DEFAULT NULL
) ENGINE=InnoDB DEFAULT CHARSET=utf8mb4 COLLATE=utf8mb4_unicode_ci;

--
-- Dumping data for table `coupans`
--

INSERT INTO `coupans` (`id`, `code`, `discount`, `created_at`, `updated_at`) VALUES
(1, 'hello', 15, '2022-12-14 19:10:33', '2022-12-14 19:10:33'),
(2, 'hello1', 20, '2022-12-14 19:10:33', '2022-12-14 19:10:33');

-- --------------------------------------------------------

--
-- Table structure for table `failed_jobs`
--

CREATE TABLE `failed_jobs` (
  `id` bigint(20) UNSIGNED NOT NULL,
  `uuid` varchar(255) COLLATE utf8mb4_unicode_ci NOT NULL,
  `connection` text COLLATE utf8mb4_unicode_ci NOT NULL,
  `queue` text COLLATE utf8mb4_unicode_ci NOT NULL,
  `payload` longtext COLLATE utf8mb4_unicode_ci NOT NULL,
  `exception` longtext COLLATE utf8mb4_unicode_ci NOT NULL,
  `failed_at` timestamp NOT NULL DEFAULT current_timestamp()
) ENGINE=InnoDB DEFAULT CHARSET=utf8mb4 COLLATE=utf8mb4_unicode_ci;

-- --------------------------------------------------------

--
-- Table structure for table `migrations`
--

CREATE TABLE `migrations` (
  `id` int(10) UNSIGNED NOT NULL,
  `migration` varchar(255) COLLATE utf8mb4_unicode_ci NOT NULL,
  `batch` int(11) NOT NULL
) ENGINE=InnoDB DEFAULT CHARSET=utf8mb4 COLLATE=utf8mb4_unicode_ci;

--
-- Dumping data for table `migrations`
--

INSERT INTO `migrations` (`id`, `migration`, `batch`) VALUES
(1, '2014_10_12_000000_create_users_table', 1),
(2, '2014_10_12_100000_create_password_resets_table', 1),
(3, '2019_08_19_000000_create_failed_jobs_table', 1),
(4, '2019_12_14_000001_create_personal_access_tokens_table', 1),
(5, '2022_11_22_120714_create_products_table', 1),
(6, '2022_11_22_121324_create_categories_table', 1),
(7, '2022_11_22_121418_create_stocks_table', 1),
(8, '2022_11_22_121442_create_sales_table', 3),
(9, '2022_11_22_121500_create_payments_table', 1),
(10, '2022_11_22_121523_create_vendors_table', 1),
(11, '2022_11_22_122048_create_paymentmodes_table', 1),
(12, '2022_12_14_190641_create_coupans_table', 2),
(15, '2022_12_17_182705_product_sale', 4),
(18, '2023_02_20_174344_create_ratings_table', 5);

-- --------------------------------------------------------

--
-- Table structure for table `password_resets`
--

CREATE TABLE `password_resets` (
  `email` varchar(255) COLLATE utf8mb4_unicode_ci NOT NULL,
  `token` varchar(255) COLLATE utf8mb4_unicode_ci NOT NULL,
  `created_at` timestamp NULL DEFAULT NULL
) ENGINE=InnoDB DEFAULT CHARSET=utf8mb4 COLLATE=utf8mb4_unicode_ci;

-- --------------------------------------------------------

--
-- Table structure for table `paymentmodes`
--

CREATE TABLE `paymentmodes` (
  `id` bigint(20) UNSIGNED NOT NULL,
  `pmode` varchar(255) COLLATE utf8mb4_unicode_ci NOT NULL,
  `created_at` timestamp NULL DEFAULT NULL,
  `updated_at` timestamp NULL DEFAULT NULL
) ENGINE=InnoDB DEFAULT CHARSET=utf8mb4 COLLATE=utf8mb4_unicode_ci;

--
-- Dumping data for table `paymentmodes`
--

INSERT INTO `paymentmodes` (`id`, `pmode`, `created_at`, `updated_at`) VALUES
(1, 'cash', '2023-02-16 08:11:25', '2023-02-16 08:11:25'),
(2, 'Bank', '2023-02-16 08:11:25', '2023-02-16 08:11:25'),
(3, 'EasyPaisa', '2023-02-16 08:11:25', '2023-02-16 08:11:25');

-- --------------------------------------------------------

--
-- Table structure for table `payments`
--

CREATE TABLE `payments` (
  `id` bigint(20) UNSIGNED NOT NULL,
  `clientid` int(11) NOT NULL,
  `tmode` int(11) NOT NULL,
  `paymentmode_id` int(11) DEFAULT NULL,
  `debit` float DEFAULT NULL,
  `credit` float DEFAULT NULL,
  `description` text COLLATE utf8mb4_unicode_ci DEFAULT NULL,
  `created_at` timestamp NULL DEFAULT NULL,
  `updated_at` timestamp NULL DEFAULT NULL
) ENGINE=InnoDB DEFAULT CHARSET=utf8mb4 COLLATE=utf8mb4_unicode_ci;

--
-- Dumping data for table `payments`
--

INSERT INTO `payments` (`id`, `clientid`, `tmode`, `paymentmode_id`, `debit`, `credit`, `description`, `created_at`, `updated_at`) VALUES
(1, 3, 1, NULL, NULL, 20000, 'stock recieved from hassan', '2023-02-18 06:32:22', '2023-02-18 06:32:22'),
(2, 3, 1, 1, 10000, NULL, 'tu lyly pesy bsdk', '2023-02-18 06:33:06', '2023-02-18 06:33:06'),
(3, 14, 2, NULL, 927, NULL, 'sale to hassan Rezve', '2023-02-18 06:34:42', '2023-02-18 06:34:42'),
(4, 14, 2, 1, NULL, 927, 'tcs sy aye hain', '2023-02-19 03:04:26', '2023-02-19 03:04:26'),
(6, 14, 2, NULL, 542, NULL, 'sale to hassan Rezve', '2023-02-24 04:26:53', '2023-02-24 04:26:53'),
(7, 14, 2, 1, NULL, 542, 'tcs sy ayn hain pasy', '2023-02-24 04:27:38', '2023-02-24 04:27:38'),
(8, 14, 2, NULL, 1229, NULL, 'sale to hassan Rezve', '2023-02-25 08:07:41', '2023-02-25 08:07:41'),
(9, 14, 2, NULL, 2519.2, NULL, 'sale to hassan Rezve', '2023-02-25 08:27:01', '2023-02-25 08:27:01'),
(10, 14, 2, NULL, 1582, NULL, 'sale to hassan Rezve', '2023-02-26 02:08:57', '2023-02-26 02:08:57'),
(11, 14, 2, NULL, 1229, NULL, 'sale to hassan Rezve', '2023-02-26 02:09:02', '2023-02-26 02:09:02'),
(12, 14, 2, NULL, 1959, NULL, 'sale to hassan Rezve', '2023-03-04 08:51:54', '2023-03-04 08:51:54'),
(13, 14, 2, NULL, 1229, NULL, 'sale to hassan Rezve', '2023-03-04 09:30:35', '2023-03-04 09:30:35'),
(14, 14, 2, NULL, 542, NULL, 'sale to hassan Rezve', '2023-03-09 01:50:47', '2023-03-09 01:50:47'),
(15, 14, 2, NULL, 16730, NULL, 'sale to hassan Rezve', '2023-03-09 04:35:02', '2023-03-09 04:35:02'),
(16, 14, 2, 1, NULL, 20000, 'tcs sy ayn hain', '2023-03-09 09:24:13', '2023-03-09 09:24:13');

-- --------------------------------------------------------

--
-- Table structure for table `personal_access_tokens`
--

CREATE TABLE `personal_access_tokens` (
  `id` bigint(20) UNSIGNED NOT NULL,
  `tokenable_type` varchar(255) COLLATE utf8mb4_unicode_ci NOT NULL,
  `tokenable_id` bigint(20) UNSIGNED NOT NULL,
  `name` varchar(255) COLLATE utf8mb4_unicode_ci NOT NULL,
  `token` varchar(64) COLLATE utf8mb4_unicode_ci NOT NULL,
  `abilities` text COLLATE utf8mb4_unicode_ci DEFAULT NULL,
  `last_used_at` timestamp NULL DEFAULT NULL,
  `expires_at` timestamp NULL DEFAULT NULL,
  `created_at` timestamp NULL DEFAULT NULL,
  `updated_at` timestamp NULL DEFAULT NULL
) ENGINE=InnoDB DEFAULT CHARSET=utf8mb4 COLLATE=utf8mb4_unicode_ci;

-- --------------------------------------------------------

--
-- Table structure for table `products`
--

CREATE TABLE `products` (
  `id` bigint(20) UNSIGNED NOT NULL,
  `name` varchar(255) COLLATE utf8mb4_unicode_ci NOT NULL,
  `image` varchar(255) COLLATE utf8mb4_unicode_ci NOT NULL,
  `pprice` double(8,2) NOT NULL,
  `description` text COLLATE utf8mb4_unicode_ci NOT NULL,
  `category_id` text COLLATE utf8mb4_unicode_ci NOT NULL,
  `sprice` double(8,2) NOT NULL,
  `inhand` int(11) DEFAULT NULL,
  `discount` int(11) DEFAULT NULL,
  `created_at` timestamp NULL DEFAULT NULL,
  `updated_at` timestamp NULL DEFAULT NULL
) ENGINE=InnoDB DEFAULT CHARSET=utf8mb4 COLLATE=utf8mb4_unicode_ci;

--
-- Dumping data for table `products`
--

INSERT INTO `products` (`id`, `name`, `image`, `pprice`, `description`, `category_id`, `sprice`, `inhand`, `discount`, `created_at`, `updated_at`) VALUES
(3, 'Sweater local made', 'products/03.jpg', 600.00, 'Effortlessly Stylish<br>\r\nComfortable Fit<br>\r\nTrendy Look<br>\r\nFine Quality<br>\r\n<p>Want to experience the latest collection like never before? Grap your favorite collections at best price in Pakistan before anyone else at SHOP.</p>', '9', 927.00, 95, NULL, '2022-11-21 19:00:00', '2023-03-04 08:51:54'),
(5, 'stylish Bag', 'products/05.jpg', 347.00, 'Effortlessly Stylish<br>\r\nComfortable Fit<br>\r\nTrendy Look<br>\r\nFine Quality<br>\r\n<p>Want to experience the latest collection like never before? Grap your favorite collections at best price in Pakistan before anyone else at SHOP.</p>', '10', 542.00, 90, NULL, '2022-11-21 19:00:00', '2023-03-09 01:50:47'),
(6, 'Shoes', 'products/6.jpg', 318.00, 'Effortlessly Stylish<br>\r\nComfortable Fit<br>\r\nTrendy Look<br>\r\nFine Quality<br>\r\n<p>Want to experience the latest collection like never before? Grap your favorite collections at best price in Pakistan before anyone else at SHOP.</p>', '9', 932.00, 95, NULL, '2022-11-21 19:00:00', '2023-02-17 01:53:01'),
(7, 'Gojar shoes', 'products/07.jpg', 6700.00, 'Effortlessly Stylish<br>\r\nComfortable Fit<br>\r\nTrendy Look<br>\r\nFine Quality<br>\r\n<p>Want to experience the latest collection like never before? Grap your favorite collections at best price in Pakistan before anyone else at SHOP.</p>', '9', 1032.00, 70, NULL, '2022-11-21 19:00:00', '2023-03-04 08:51:54'),
(8, 'Smart Watch', 'products/08.jpg', 1500.00, 'Effortlessly Stylish<br>\r\nComfortable Fit<br>\r\nTrendy Look<br>\r\nFine Quality<br>\r\n<p>Want to experience the latest collection like never before? Grap your favorite collections at best price in Pakistan before anyone else at SHOP.</p>', '10', 1865.00, 100, NULL, '2022-11-21 19:00:00', '2022-11-21 19:00:00'),
(9, 'speaker', 'products/09.jpg', 346.00, 'Effortlessly Stylish<br>\r\nComfortable Fit<br>\r\nTrendy Look<br>\r\nFine Quality<br>\r\n<p>Want to experience the latest collection like never before? Grap your favorite collections at best price in Pakistan before anyone else at SHOP.</p>', '1', 1229.00, 92, NULL, '2022-11-21 19:00:00', '2023-03-09 04:35:02'),
(10, 'Imported Razer', 'products/10.jpg', 600.00, 'Effortlessly Stylish<br>\r\nComfortable Fit<br>\r\nTrendy Look<br>\r\nFine Quality<br>\r\n<p>Want to experience the latest collection like never before? Grap your favorite collections at best price in Pakistan before anyone else at SHOP.</p>', '1', 1551.00, 94, NULL, '2022-11-21 19:00:00', '2023-03-09 04:35:02'),
(11, 'Q Mobile', 'products/11.jpg', 7000.00, 'Effortlessly Stylish<br>\r\nComfortable Fit<br>\r\nTrendy Look<br>\r\nFine Quality<br>\r\n<p>Want to experience the latest collection like never before? Grap your favorite collections at best price in Pakistan before anyone else at SHOP.</p>', '5', 566.00, 94, NULL, '2022-11-21 19:00:00', '2023-03-09 04:35:02'),
(12, 'Soney Mobile', 'products/12.jpg', 6500.00, 'Effortlessly Stylish<br>\r\nComfortable Fit<br>\r\nTrendy Look<br>\r\nFine Quality<br>\r\n<p>Want to experience the latest collection like never before? Grap your favorite collections at best price in Pakistan before anyone else at SHOP.</p>', '5', 680.00, 100, NULL, '2022-11-21 19:00:00', '2022-11-21 19:00:00'),
(13, 'Desi Frock', 'products/13.jpg', 6700.00, 'Effortlessly Stylish<br>\r\nComfortable Fit<br>\r\nTrendy Look<br>\r\nFine Quality<br>\r\n<p>Want to experience the latest collection like never before? Grap your favorite collections at best price in Pakistan before anyone else at SHOP.</p>', '8', 1200.00, 100, NULL, '2022-11-21 19:00:00', '2022-11-21 19:00:00'),
(14, 'Imported Frock', 'products/14.jpg', 267.00, 'Effortlessly Stylish<br>\r\nComfortable Fit<br>\r\nTrendy Look<br>\r\nFine Quality<br>\r\n<p>Want to experience the latest collection like never before? Grap your favorite collections at best price in Pakistan before anyone else at SHOP.</p>', '8', 1960.00, 100, NULL, '2022-11-21 19:00:00', '2022-11-21 19:00:00'),
(15, 'Long shirt', 'products/15.jpg', 399.00, 'Effortlessly Stylish<br>\r\nComfortable Fit<br>\r\nTrendy Look<br>\r\nFine Quality<br>\r\n<p>Want to experience the latest collection like never before? Grap your favorite collections at best price in Pakistan before anyone else at SHOP.</p>', '9', 1202.00, 100, NULL, '2022-11-21 19:00:00', '2022-11-21 19:00:00'),
(16, 'Pakistani Frock', 'products/16.jpg', 5500.00, 'Effortlessly Stylish<br>\r\nComfortable Fit<br>\r\nTrendy Look<br>\r\nFine Quality<br>\r\n<p>Want to experience the latest collection like never before? Grap your favorite collections at best price in Pakistan before anyone else at SHOP.</p>', '8', 1130.00, 100, NULL, '2022-11-21 19:00:00', '2022-11-21 19:00:00'),
(17, 'Blue shirt', 'products/17.jpg', 350.00, 'Effortlessly Stylish<br>\r\nComfortable Fit<br>\r\nTrendy Look<br>\r\nFine Quality<br>\r\n<p>Want to experience the latest collection like never before? Grap your favorite collections at best price in Pakistan before anyone else at SHOP.</p>', '9', 1543.00, 100, NULL, '2022-11-21 19:00:00', '2023-02-16 09:01:43'),
(18, 'Ladies qameez', 'products/18.jpg', 389.00, 'Effortlessly Stylish<br>\r\nComfortable Fit<br>\r\nTrendy Look<br>\r\nFine Quality<br>\r\n<p>Want to experience the latest collection like never before? Grap your favorite collections at best price in Pakistan before anyone else at SHOP.</p>', '8', 825.00, 100, NULL, '2022-11-21 19:00:00', '2022-11-21 19:00:00'),
(19, 'Service Shoes', 'products/19.jpg', 371.00, 'Effortlessly Stylish<br>\r\nComfortable Fit<br>\r\nTrendy Look<br>\r\nFine Quality<br>\r\n<p>Want to experience the latest collection like never before? Grap your favorite collections at best price in Pakistan before anyone else at SHOP.</p>', '9', 1998.00, 100, NULL, '2022-11-21 19:00:00', '2022-11-21 19:00:00'),
(20, 'Stylish leader Shoes', 'products/20.jpg', 254.00, 'Effortlessly Stylish<br>\r\nComfortable Fit<br>\r\nTrendy Look<br>\r\nFine Quality<br>\r\n<p>Want to experience the latest collection like never before? Grap your favorite collections at best price in Pakistan before anyone else at SHOP.</p>', '9', 1012.00, 100, NULL, '2022-11-21 19:00:00', '2022-11-21 19:00:00'),
(21, 'Ladies shirt', 'products/21.jpg', 254.00, 'Effortlessly Stylish<br>\r\nComfortable Fit<br>\r\nTrendy Look<br>\r\nFine Quality<br>\r\n<p>Want to experience the latest collection like never before? Grap your favorite collections at best price in Pakistan before anyone else at SHOP.</p>', '8', 1569.00, 100, NULL, '2022-11-21 19:00:00', '2022-11-21 19:00:00'),
(22, 'CPU core i5', 'products/22.jpg', 18000.00, 'Effortlessly Stylish<br>\r\nComfortable Fit<br>\r\nTrendy Look<br>\r\nFine Quality<br>\r\n<p>Want to experience the latest collection like never before? Grap your favorite collections at best price in Pakistan before anyone else at SHOP.</p>', '1', 1306.00, 100, NULL, '2022-11-21 19:00:00', '2023-02-16 08:47:36'),
(23, 'chines Shoes', 'products/23.jpg', 12000.00, 'Effortlessly Stylish<br>\r\nComfortable Fit<br>\r\nTrendy Look<br>\r\nFine Quality<br>\r\n<p>Want to experience the latest collection like never before? Grap your favorite collections at best price in Pakistan before anyone else at SHOP.</p>', '9', 1322.00, 100, NULL, '2022-11-21 19:00:00', '2022-11-21 19:00:00'),
(24, 'thick sole shoes', 'products/24.jpg', 330.00, 'Effortlessly Stylish<br>\r\nComfortable Fit<br>\r\nTrendy Look<br>\r\nFine Quality<br>\r\n<p>Want to experience the latest collection like never before? Grap your favorite collections at best price in Pakistan before anyone else at SHOP.</p>', '9', 695.00, 100, NULL, '2022-11-21 19:00:00', '2022-11-21 19:00:00'),
(25, 'Sony Earphone', 'products/25.jpg', 251.00, 'Effortlessly Stylish<br>\r\nComfortable Fit<br>\r\nTrendy Look<br>\r\nFine Quality<br>\r\n<p>Want to experience the latest collection like never before? Grap your favorite collections at best price in Pakistan before anyone else at SHOP.</p>', '2', 508.00, 100, NULL, '2022-11-21 19:00:00', '2022-11-21 19:00:00'),
(26, 'Wireless Earphone', 'products/26.jpg', 258.00, 'Effortlessly Stylish<br>\r\nComfortable Fit<br>\r\nTrendy Look<br>\r\nFine Quality<br>\r\n<p>Want to experience the latest collection like never before? Grap your favorite collections at best price in Pakistan before anyone else at SHOP.</p>', '2', 1455.00, 100, NULL, '2022-11-21 19:00:00', '2022-11-21 19:00:00'),
(27, 'Audionic Earphone', 'products/27.jpg', 368.00, 'Effortlessly Stylish<br>\r\nComfortable Fit<br>\r\nTrendy Look<br>\r\nFine Quality<br>\r\n<p>Want to experience the latest collection like never before? Grap your favorite collections at best price in Pakistan before anyone else at SHOP.</p>', '2', 752.00, 110, NULL, '2022-11-21 19:00:00', '2023-02-18 06:32:22'),
(28, 'Mouse', 'products/28.jpg', 242.00, 'Effortlessly Stylish<br>\r\nComfortable Fit<br>\r\nTrendy Look<br>\r\nFine Quality<br>\r\n<p>Want to experience the latest collection like never before? Grap your favorite collections at best price in Pakistan before anyone else at SHOP.</p>', '2', 1896.00, 100, NULL, '2022-11-21 19:00:00', '2022-11-21 19:00:00'),
(29, 'Mobile Watch', 'products/29.jpg', 3500.00, 'Effortlessly Stylish<br>\r\nComfortable Fit<br>\r\nTrendy Look<br>\r\nFine Quality<br>\r\n<p>Want to experience the latest collection like never before? Grap your favorite collections at best price in Pakistan before anyone else at SHOP.</p>', '10', 723.00, 100, NULL, '2022-11-21 19:00:00', '2022-11-21 19:00:00'),
(30, 'Iphone 8', 'products/30.jpg', 376.00, 'Effortlessly Stylish<br>\r\nComfortable Fit<br>\r\nTrendy Look<br>\r\nFine Quality<br>\r\n<p>Want to experience the latest collection like never before? Grap your favorite collections at best price in Pakistan before anyone else at SHOP.</p>', '5', 1925.00, 100, NULL, '2022-11-21 19:00:00', '2022-11-21 19:00:00'),
(31, 'Ipad', 'products/31.jpg', 8900.00, 'Effortlessly Stylish<br>\r\nComfortable Fit<br>\r\nTrendy Look<br>\r\nFine Quality<br>\r\n<p>Want to experience the latest collection like never before? Grap your favorite collections at best price in Pakistan before anyone else at SHOP.</p>', '5', 956.00, 100, NULL, '2022-11-21 19:00:00', '2023-02-07 02:01:50'),
(32, 'Sample hand bag', 'products/32.jpg', 355.00, 'Effortlessly Stylish<br>\r\nComfortable Fit<br>\r\nTrendy Look<br>\r\nFine Quality<br>\r\n<p>Want to experience the latest collection like never before? Grap your favorite collections at best price in Pakistan before anyone else at SHOP.</p>', '10', 1507.00, 100, NULL, '2022-11-21 19:00:00', '2022-11-21 19:00:00'),
(33, 'Sweater', 'products/33.jpg', 339.00, 'Effortlessly Stylish<br>\r\nComfortable Fit<br>\r\nTrendy Look<br>\r\nFine Quality<br>\r\n<p>Want to experience the latest collection like never before? Grap your favorite collections at best price in Pakistan before anyone else at SHOP.</p>', '9', 1165.00, 100, NULL, '2022-11-21 19:00:00', '2022-11-21 19:00:00'),
(34, 'slicky imported Sweater', 'products/34.jpg', 600.00, 'Effortlessly Stylish<br>\r\nComfortable Fit<br>\r\nTrendy Look<br>\r\nFine Quality<br>\r\n<p>Want to experience the latest collection like never before? Grap your favorite collections at best price in Pakistan before anyone else at SHOP.</p>', '9', 805.00, 100, NULL, '2022-11-21 19:00:00', '2022-11-21 19:00:00'),
(35, 'Sweater with cap', 'products/35.jpg', 208.00, 'Effortlessly Stylish<br>\r\nComfortable Fit<br>\r\nTrendy Look<br>\r\nFine Quality<br>\r\n<p>Want to experience the latest collection like never before? Grap your favorite collections at best price in Pakistan before anyone else at SHOP.</p>', '9', 1529.00, 100, NULL, '2022-11-21 19:00:00', '2022-11-21 19:00:00'),
(36, 'Men\'s Sandal', 'products/36.jpg', 222.00, 'Effortlessly Stylish<br>\r\nComfortable Fit<br>\r\nTrendy Look<br>\r\nFine Quality<br>\r\n<p>Want to experience the latest collection like never before? Grap your favorite collections at best price in Pakistan before anyone else at SHOP.</p>', '9', 1729.00, 100, NULL, '2022-11-21 19:00:00', '2022-11-21 19:00:00'),
(37, 'Imported Coat', 'products/37.jpg', 5500.00, 'Effortlessly Stylish<br>\r\nComfortable Fit<br>\r\nTrendy Look<br>\r\nFine Quality<br>\r\n<p>Want to experience the latest collection like never before? Grap your favorite collections at best price in Pakistan before anyone else at SHOP.</p>', '9', 557.00, 100, NULL, '2022-11-21 19:00:00', '2022-11-21 19:00:00'),
(38, 'dobule Sneaker shoes', 'products/38.jpg', 313.00, 'Effortlessly Stylish<br>\r\nComfortable Fit<br>\r\nTrendy Look<br>\r\nFine Quality<br>\r\n<p>Want to experience the latest collection like never before? Grap your favorite collections at best price in Pakistan before anyone else at SHOP.</p>', '9', 1600.00, 100, NULL, '2022-11-21 19:00:00', '2023-02-16 09:06:01'),
(39, 'esy sandal for men', 'products/39.jpg', 278.00, 'Effortlessly Stylish<br>\r\nComfortable Fit<br>\r\nTrendy Look<br>\r\nFine Quality<br>\r\n<p>Want to experience the latest collection like never before? Grap your favorite collections at best price in Pakistan before anyone else at SHOP.</p>', '9', 1327.00, 100, NULL, '2022-11-21 19:00:00', '2023-02-07 01:53:49'),
(40, 'HP laptop', 'products/40.jpg', 18500.00, 'Effortlessly Stylish<br>\r\nComfortable Fit<br>\r\nTrendy Look<br>\r\nFine Quality<br>\r\n<p>Want to experience the latest collection like never before? Grap your favorite collections at best price in Pakistan before anyone else at SHOP.</p>', '1', 1336.00, 100, NULL, '2022-11-21 19:00:00', '2022-11-21 19:00:00'),
(41, 'Internet USB', 'products/41.jpg', 780.00, 'Effortlessly Stylish<br>\r\nComfortable Fit<br>\r\nTrendy Look<br>\r\nFine Quality<br>\r\n<p>Want to experience the latest collection like never before? Grap your favorite collections at best price in Pakistan before anyone else at SHOP.</p>', '2', 698.00, 100, NULL, '2022-11-21 19:00:00', '2022-11-21 19:00:00'),
(42, 'Water filter(purifier)', 'products/42.jpg', 280.00, 'Effortlessly Stylish<br>\r\nComfortable Fit<br>\r\nTrendy Look<br>\r\nFine Quality<br>\r\n<p>Want to experience the latest collection like never before? Grap your favorite collections at best price in Pakistan before anyone else at SHOP.</p>', '1', 1983.00, 100, NULL, '2022-11-21 19:00:00', '2022-11-21 19:00:00'),
(43, ' bata Shoes', 'products/43.jpg', 226.00, 'Effortlessly Stylish<br>\r\nComfortable Fit<br>\r\nTrendy Look<br>\r\nFine Quality<br>\r\n<p>Want to experience the latest collection like never before? Grap your favorite collections at best price in Pakistan before anyone else at SHOP.</p>', '9', 1321.00, 100, NULL, '2022-11-21 19:00:00', '2023-02-18 05:34:13'),
(44, 'Sumsung Earphone', 'products/44.jpg', 276.00, 'Effortlessly Stylish<br>\r\nComfortable Fit<br>\r\nTrendy Look<br>\r\nFine Quality<br>\r\n<p>Want to experience the latest collection like never before? Grap your favorite collections at best price in Pakistan before anyone else at SHOP.</p>', '2', 1655.00, 100, NULL, '2022-11-21 19:00:00', '2022-11-21 19:00:00'),
(45, 'Sumsung wirless Earphone', 'products/45.jpg', 293.00, 'Effortlessly Stylish<br>\r\nComfortable Fit<br>\r\nTrendy Look<br>\r\nFine Quality<br>\r\n<p>Want to experience the latest collection like never before? Grap your favorite collections at best price in Pakistan before anyone else at SHOP.</p>', '2', 812.00, 100, NULL, '2022-11-21 19:00:00', '2022-11-21 19:00:00'),
(46, 'Joystick', 'products/46.jpg', 600.00, 'Effortlessly Stylish<br>\r\nComfortable Fit<br>\r\nTrendy Look<br>\r\nFine Quality<br>\r\n<p>Want to experience the latest collection like never before? Grap your favorite collections at best price in Pakistan before anyone else at SHOP.</p>', '2', 1594.00, 100, NULL, '2022-11-21 19:00:00', '2022-11-21 19:00:00'),
(47, 'Iphone Wireless Earphone', 'products/47.jpg', 670.00, 'Effortlessly Stylish<br>\r\nComfortable Fit<br>\r\nTrendy Look<br>\r\nFine Quality<br>\r\n<p>Want to experience the latest collection like never before? Grap your favorite collections at best price in Pakistan before anyone else at SHOP.</p>', '2', 536.00, 100, NULL, '2022-11-21 19:00:00', '2022-11-21 19:00:00'),
(48, 'Dell System', 'products/48.jpg', 20000.00, 'Effortlessly Stylish<br>\r\nComfortable Fit<br>\r\nTrendy Look<br>\r\nFine Quality<br>\r\n<p>Want to experience the latest collection like never before? Grap your favorite collections at best price in Pakistan before anyone else at SHOP.</p>', '1', 1899.00, 100, NULL, '2022-11-21 19:00:00', '2023-02-16 04:03:37'),
(49, 'Sumsung Note-5', 'products/49.jpg', 333.00, 'Effortlessly Stylish<br>\r\nComfortable Fit<br>\r\nTrendy Look<br>\r\nFine Quality<br>\r\n<p>Want to experience the latest collection like never before? Grap your favorite collections at best price in Pakistan before anyone else at SHOP.</p>', '5', 1386.00, 100, NULL, '2022-11-21 19:00:00', '2022-11-21 19:00:00'),
(51, 'Sumsung Note-5 slim', 'products/51.jpg', 266.00, 'Effortlessly Stylish<br>\r\nComfortable Fit<br>\r\nTrendy Look<br>\r\nFine Quality<br>\r\n<p>Want to experience the latest collection like never before? Grap your favorite collections at best price in Pakistan before anyone else at SHOP.</p>', '5', 732.00, 100, NULL, '2022-11-21 19:00:00', '2022-11-21 19:00:00'),
(52, 'Frock', 'products/52.jpg', 360.00, 'Effortlessly Stylish<br>\r\nComfortable Fit<br>\r\nTrendy Look<br>\r\nFine Quality<br>\r\n<p>Want to experience the latest collection like never before? Grap your favorite collections at best price in Pakistan before anyone else at SHOP.</p>', '8', 503.00, 100, NULL, '2022-11-21 19:00:00', '2022-11-21 19:00:00'),
(53, 'Sports Shoes', 'products/53.jpg', 600.00, 'Effortlessly Stylish<br>\r\nComfortable Fit<br>\r\nTrendy Look<br>\r\nFine Quality<br>\r\n<p>Want to experience the latest collection like never before? Grap your favorite collections at best price in Pakistan before anyone else at SHOP.</p>', '11', 1318.00, 100, NULL, '2022-11-21 19:00:00', '2022-11-21 19:00:00'),
(54, 'Shopping Bag', 'products/54.jpg', 700.00, 'Effortlessly Stylish<br>\r\nComfortable Fit<br>\r\nTrendy Look<br>\r\nFine Quality<br>\r\n<p>Want to experience the latest collection like never before? Grap your favorite collections at best price in Pakistan before anyone else at SHOP.</p>', '10', 1582.00, 99, NULL, '2022-11-21 19:00:00', '2023-02-26 02:08:57');

-- --------------------------------------------------------

--
-- Table structure for table `product_sale`
--

CREATE TABLE `product_sale` (
  `id` bigint(20) UNSIGNED NOT NULL,
  `product_id` int(11) NOT NULL,
  `sale_id` int(11) NOT NULL,
  `quantity` int(11) NOT NULL,
  `pprice` double NOT NULL,
  `saleprice` double NOT NULL,
  `created_at` timestamp NULL DEFAULT NULL,
  `updated_at` timestamp NULL DEFAULT NULL
) ENGINE=InnoDB DEFAULT CHARSET=utf8mb4 COLLATE=utf8mb4_unicode_ci;

--
-- Dumping data for table `product_sale`
--

INSERT INTO `product_sale` (`id`, `product_id`, `sale_id`, `quantity`, `pprice`, `saleprice`, `created_at`, `updated_at`) VALUES
(1, 3, 1, 1, 600, 927, '2023-02-18 06:33:53', '2023-02-18 06:33:53'),
(2, 5, 2, 1, 347, 542, '2023-02-24 04:18:30', '2023-02-24 04:18:30'),
(3, 5, 3, 1, 347, 542, '2023-02-24 04:20:42', '2023-02-24 04:20:42'),
(4, 9, 4, 1, 346, 1229, '2023-02-25 08:02:41', '2023-02-25 08:02:41'),
(5, 9, 5, 1, 346, 1229, '2023-02-25 08:05:01', '2023-02-25 08:05:01'),
(6, 9, 6, 1, 346, 1229, '2023-02-25 08:05:24', '2023-02-25 08:05:24'),
(7, 7, 7, 1, 6700, 1032, '2023-02-25 08:25:20', '2023-02-25 08:25:20'),
(8, 10, 7, 1, 600, 1551, '2023-02-25 08:25:20', '2023-02-25 08:25:20'),
(9, 11, 7, 1, 7000, 566, '2023-02-25 08:25:20', '2023-02-25 08:25:20'),
(10, 54, 8, 1, 700, 1582, '2023-02-26 02:07:15', '2023-02-26 02:07:15'),
(11, 9, 9, 1, 346, 1229, '2023-02-26 02:08:24', '2023-02-26 02:08:24'),
(12, 20, 10, 1, 254, 1012, '2023-02-26 02:19:07', '2023-02-26 02:19:07'),
(13, 7, 11, 1, 6700, 1032, '2023-03-04 08:45:47', '2023-03-04 08:45:47'),
(14, 3, 11, 1, 600, 927, '2023-03-04 08:45:47', '2023-03-04 08:45:47'),
(15, 9, 12, 1, 346, 1229, '2023-03-04 09:29:30', '2023-03-04 09:29:30'),
(16, 5, 13, 1, 347, 542, '2023-03-09 01:48:04', '2023-03-09 01:48:04'),
(17, 10, 14, 5, 600, 1551, '2023-03-09 04:30:55', '2023-03-09 04:30:55'),
(18, 11, 14, 5, 7000, 566, '2023-03-09 04:30:55', '2023-03-09 04:30:55'),
(19, 9, 14, 5, 346, 1229, '2023-03-09 04:30:55', '2023-03-09 04:30:55');

-- --------------------------------------------------------

--
-- Table structure for table `product_stock`
--

CREATE TABLE `product_stock` (
  `id` bigint(20) UNSIGNED NOT NULL,
  `product_id` int(11) NOT NULL,
  `stock_id` int(11) NOT NULL,
  `quantity` double(8,2) NOT NULL,
  `price` double(8,2) NOT NULL,
  `created_at` timestamp NULL DEFAULT NULL,
  `updated_at` timestamp NULL DEFAULT NULL
) ENGINE=InnoDB DEFAULT CHARSET=utf8mb4 COLLATE=utf8mb4_unicode_ci;

--
-- Dumping data for table `product_stock`
--

INSERT INTO `product_stock` (`id`, `product_id`, `stock_id`, `quantity`, `price`, `created_at`, `updated_at`) VALUES
(1, 27, 1, 10.00, 20000.00, '2023-02-17 19:00:00', NULL);

-- --------------------------------------------------------

--
-- Table structure for table `ratings`
--

CREATE TABLE `ratings` (
  `id` bigint(20) UNSIGNED NOT NULL,
  `user_id` bigint(20) UNSIGNED NOT NULL,
  `product_id` bigint(20) UNSIGNED NOT NULL,
  `rating` tinyint(3) UNSIGNED NOT NULL,
  `comment` text COLLATE utf8mb4_unicode_ci DEFAULT NULL,
  `created_at` timestamp NULL DEFAULT NULL,
  `updated_at` timestamp NULL DEFAULT NULL
) ENGINE=InnoDB DEFAULT CHARSET=utf8mb4 COLLATE=utf8mb4_unicode_ci;

--
-- Dumping data for table `ratings`
--

INSERT INTO `ratings` (`id`, `user_id`, `product_id`, `rating`, `comment`, `created_at`, `updated_at`) VALUES
(1, 14, 5, 5, 'noice product', '2023-02-21 03:00:20', '2023-03-23 03:01:51');

-- --------------------------------------------------------

--
-- Table structure for table `sales`
--

CREATE TABLE `sales` (
  `id` bigint(20) UNSIGNED NOT NULL,
  `user_id` int(11) NOT NULL,
  `discount` int(11) DEFAULT NULL,
  `payment_id` int(11) DEFAULT NULL,
  `status` int(11) NOT NULL DEFAULT 0,
  `ordernote` text COLLATE utf8mb4_unicode_ci DEFAULT NULL,
  `created_at` timestamp NULL DEFAULT NULL,
  `updated_at` timestamp NULL DEFAULT NULL
) ENGINE=InnoDB DEFAULT CHARSET=utf8mb4 COLLATE=utf8mb4_unicode_ci;

--
-- Dumping data for table `sales`
--

INSERT INTO `sales` (`id`, `user_id`, `discount`, `payment_id`, `status`, `ordernote`, `created_at`, `updated_at`) VALUES
(1, 14, NULL, 3, 5, 'please end this hurry', '2023-02-18 06:33:52', '2023-02-18 06:34:42'),
(2, 14, NULL, NULL, 0, 'please send', '2023-02-24 04:18:30', '2023-02-24 04:18:30'),
(3, 14, NULL, 6, 5, 'please send', '2023-02-24 04:20:42', '2023-02-24 04:26:53'),
(5, 14, NULL, 8, 5, 'hello sir i need black cover', '2023-02-25 08:05:01', '2023-02-25 08:07:41'),
(7, 14, 20, 9, 5, 'another order', '2023-02-25 08:25:20', '2023-02-25 08:27:01'),
(8, 14, NULL, 10, 5, 'please send this', '2023-02-26 02:07:15', '2023-02-26 02:08:57'),
(9, 14, NULL, 11, 5, 'second order of  the day', '2023-02-26 02:08:24', '2023-02-26 02:09:02'),
(10, 14, NULL, NULL, 0, '3rd oder', '2023-02-26 02:19:07', '2023-02-26 02:19:07'),
(11, 14, NULL, 12, 5, 'hello bro', '2023-03-04 08:45:47', '2023-03-04 08:51:54'),
(12, 14, NULL, 13, 5, 'hello brop 2', '2023-03-04 09:29:30', '2023-03-04 09:30:35'),
(13, 14, NULL, 14, 5, 'new order of the day', '2023-03-09 01:48:04', '2023-03-09 01:50:47'),
(14, 14, NULL, 15, 5, 'bulk order', '2023-03-09 04:30:55', '2023-03-09 04:35:02');

-- --------------------------------------------------------

--
-- Table structure for table `stocks`
--

CREATE TABLE `stocks` (
  `id` bigint(20) UNSIGNED NOT NULL,
  `vendor_id` int(11) NOT NULL,
  `vno` int(11) NOT NULL,
  `payment_id` int(11) DEFAULT NULL,
  `created_at` timestamp NULL DEFAULT NULL,
  `updated_at` timestamp NULL DEFAULT NULL
) ENGINE=InnoDB DEFAULT CHARSET=utf8mb4 COLLATE=utf8mb4_unicode_ci;

--
-- Dumping data for table `stocks`
--

INSERT INTO `stocks` (`id`, `vendor_id`, `vno`, `payment_id`, `created_at`, `updated_at`) VALUES
(1, 3, 7984, 1, '2023-02-17 19:00:00', '2023-02-18 06:32:22');

-- --------------------------------------------------------

--
-- Table structure for table `users`
--

CREATE TABLE `users` (
  `id` bigint(20) UNSIGNED NOT NULL,
  `fname` varchar(255) COLLATE utf8mb4_unicode_ci NOT NULL,
  `lname` varchar(255) COLLATE utf8mb4_unicode_ci DEFAULT NULL,
  `cname` varchar(255) COLLATE utf8mb4_unicode_ci DEFAULT NULL,
  `email` varchar(255) COLLATE utf8mb4_unicode_ci NOT NULL,
  `email_verified_at` timestamp NULL DEFAULT NULL,
  `phone` varchar(255) COLLATE utf8mb4_unicode_ci NOT NULL,
  `address1` text COLLATE utf8mb4_unicode_ci DEFAULT NULL,
  `address2` text COLLATE utf8mb4_unicode_ci DEFAULT NULL,
  `city` varchar(255) COLLATE utf8mb4_unicode_ci DEFAULT NULL,
  `state` varchar(255) COLLATE utf8mb4_unicode_ci DEFAULT NULL,
  `zipcode` varchar(255) COLLATE utf8mb4_unicode_ci DEFAULT NULL,
  `role` int(11) DEFAULT 0,
  `password` varchar(255) COLLATE utf8mb4_unicode_ci NOT NULL,
  `remember_token` varchar(100) COLLATE utf8mb4_unicode_ci DEFAULT NULL,
  `created_at` timestamp NULL DEFAULT NULL,
  `updated_at` timestamp NULL DEFAULT NULL
) ENGINE=InnoDB DEFAULT CHARSET=utf8mb4 COLLATE=utf8mb4_unicode_ci;

--
-- Dumping data for table `users`
--

INSERT INTO `users` (`id`, `fname`, `lname`, `cname`, `email`, `email_verified_at`, `phone`, `address1`, `address2`, `city`, `state`, `zipcode`, `role`, `password`, `remember_token`, `created_at`, `updated_at`) VALUES
(1, 'admin', 'hassan', NULL, 'admin@hassan.com', NULL, '0342095087', 'Dikhan', 'Dera', 'city', 'ok', '29050', 1, '$2y$10$2jbxzPLWoRi31gIC.wTmjuHhOtBXrRb488TKpXtgBX7V/mOTYmZLC', NULL, '2022-12-17 00:39:34', '2023-02-16 14:31:12'),
(12, 'Hassan1', 'rezve', NULL, 'rezveshah12111@gmail.com', NULL, '0342095087', 'Dikhan', 'Dera', 'city', 'ok', '29050', 0, '123', NULL, '2022-12-18 01:26:53', '2022-12-18 01:26:53'),
(13, 'Hassan2', 'rezve2', NULL, 'Hassanrezve00@gmail.com', NULL, '0342095087', 'Dikhan', 'Dera', 'city', 'ok', '29050', 0, '$2y$10$2jbxzPLWoRi31gIC.wTmjuHhOtBXrRb488TKpXtgBX7V/mOTYmZLC', NULL, '2022-12-18 05:59:56', '2022-12-18 05:59:56'),
(14, 'hassan', 'Rezve', NULL, 'asdf@gmail.com', NULL, '034349994711', 'Dera ismail khan', 'mohallah Roshan chiragh', 'Dera ismail khan', 'Khyber Pakhtunkhwa', '29050', 0, '$2y$10$DpBcT7/2jE04YiV7rnEmbusiY0C5/VPqYQ9xFpAR3QAZW/vs6Baa6', NULL, '2022-12-24 02:15:29', '2023-02-16 10:07:25'),
(15, 'Hassan', 'rezve', NULL, 'Hassanrezve000@gmail.com', NULL, '3439994711', 'dubai', 'Dera', 'city', 'ok', '29050', 0, '$2y$10$W5hQw6Ra4shLrPymABor9Os6TEEm.o4vxOXqQ3eZOh2ZZ.Fz0tF42', NULL, '2022-12-24 02:38:30', '2022-12-24 02:38:30'),
(25, 'user19', NULL, NULL, 'user19@gmail.com', NULL, '0342095087', NULL, NULL, NULL, NULL, NULL, 2, '$2y$10$4ZfF/PBcexXKBxU9vj5aX.SOMWKIc5aQbdseSITscYmyWt0tn8NXC', NULL, '2022-12-30 04:10:52', '2023-01-12 01:48:20'),
(29, 'juniad', 'ali', NULL, 'aasdf@gmail.com', NULL, '034349994711', 'Dera ismail khan', 'mohallah Roshan chiragh', 'DERA ISMAIL KHAN GPO', 'Khyber Pakhtunkhwa', '29050', 0, '$2y$10$5GTx4Q4TiKdHw7jLS3ZTa.1qFDFP8EwnzfFlhMDfoTy/MDPD/3Nc6', NULL, '2023-01-04 12:05:49', '2023-01-04 12:05:49'),
(30, 'wasi', 'shah', NULL, 'wasishah@gmail.com', NULL, '03414321813', 'dubai', 'dubai2', 'DERA TOWN SHIP', 'Khyber Pakhtunkhwa', '29060', 0, '$2y$10$a/qjkcyGZQzUcI4zG58rZOqcQ8R2v0J5QIqUiEDIvxQJOIkHVZG06', NULL, '2023-02-16 10:01:17', '2023-02-16 10:01:17');

-- --------------------------------------------------------

--
-- Table structure for table `vendors`
--

CREATE TABLE `vendors` (
  `id` bigint(20) UNSIGNED NOT NULL,
  `name` varchar(255) COLLATE utf8mb4_unicode_ci NOT NULL,
  `created_at` timestamp NULL DEFAULT NULL,
  `updated_at` timestamp NULL DEFAULT NULL
) ENGINE=InnoDB DEFAULT CHARSET=utf8mb4 COLLATE=utf8mb4_unicode_ci;

--
-- Dumping data for table `vendors`
--

INSERT INTO `vendors` (`id`, `name`, `created_at`, `updated_at`) VALUES
(1, 'hassan\r\n', NULL, NULL),
(2, 'shah', NULL, NULL),
(3, 'hassan', '2023-02-07 01:18:30', '2023-02-07 01:18:30'),
(4, 'khan baba', '2023-02-07 02:03:36', '2023-02-07 02:03:36');

--
-- Indexes for dumped tables
--

--
-- Indexes for table `categories`
--
ALTER TABLE `categories`
  ADD PRIMARY KEY (`id`);

--
-- Indexes for table `cities`
--
ALTER TABLE `cities`
  ADD PRIMARY KEY (`id`);

--
-- Indexes for table `coupans`
--
ALTER TABLE `coupans`
  ADD PRIMARY KEY (`id`);

--
-- Indexes for table `failed_jobs`
--
ALTER TABLE `failed_jobs`
  ADD PRIMARY KEY (`id`),
  ADD UNIQUE KEY `failed_jobs_uuid_unique` (`uuid`);

--
-- Indexes for table `migrations`
--
ALTER TABLE `migrations`
  ADD PRIMARY KEY (`id`);

--
-- Indexes for table `password_resets`
--
ALTER TABLE `password_resets`
  ADD KEY `password_resets_email_index` (`email`);

--
-- Indexes for table `paymentmodes`
--
ALTER TABLE `paymentmodes`
  ADD PRIMARY KEY (`id`);

--
-- Indexes for table `payments`
--
ALTER TABLE `payments`
  ADD PRIMARY KEY (`id`);

--
-- Indexes for table `personal_access_tokens`
--
ALTER TABLE `personal_access_tokens`
  ADD PRIMARY KEY (`id`),
  ADD UNIQUE KEY `personal_access_tokens_token_unique` (`token`),
  ADD KEY `personal_access_tokens_tokenable_type_tokenable_id_index` (`tokenable_type`,`tokenable_id`);

--
-- Indexes for table `products`
--
ALTER TABLE `products`
  ADD PRIMARY KEY (`id`);

--
-- Indexes for table `product_sale`
--
ALTER TABLE `product_sale`
  ADD PRIMARY KEY (`id`);

--
-- Indexes for table `product_stock`
--
ALTER TABLE `product_stock`
  ADD PRIMARY KEY (`id`);

--
-- Indexes for table `ratings`
--
ALTER TABLE `ratings`
  ADD PRIMARY KEY (`id`),
  ADD UNIQUE KEY `ratings_user_id_product_id_unique` (`user_id`,`product_id`),
  ADD KEY `ratings_product_id_foreign` (`product_id`);

--
-- Indexes for table `sales`
--
ALTER TABLE `sales`
  ADD PRIMARY KEY (`id`);

--
-- Indexes for table `stocks`
--
ALTER TABLE `stocks`
  ADD PRIMARY KEY (`id`);

--
-- Indexes for table `users`
--
ALTER TABLE `users`
  ADD PRIMARY KEY (`id`),
  ADD UNIQUE KEY `users_email_unique` (`email`);

--
-- Indexes for table `vendors`
--
ALTER TABLE `vendors`
  ADD PRIMARY KEY (`id`);

--
-- AUTO_INCREMENT for dumped tables
--

--
-- AUTO_INCREMENT for table `categories`
--
ALTER TABLE `categories`
  MODIFY `id` bigint(20) UNSIGNED NOT NULL AUTO_INCREMENT, AUTO_INCREMENT=14;

--
-- AUTO_INCREMENT for table `coupans`
--
ALTER TABLE `coupans`
  MODIFY `id` bigint(20) UNSIGNED NOT NULL AUTO_INCREMENT, AUTO_INCREMENT=3;

--
-- AUTO_INCREMENT for table `failed_jobs`
--
ALTER TABLE `failed_jobs`
  MODIFY `id` bigint(20) UNSIGNED NOT NULL AUTO_INCREMENT;

--
-- AUTO_INCREMENT for table `migrations`
--
ALTER TABLE `migrations`
  MODIFY `id` int(10) UNSIGNED NOT NULL AUTO_INCREMENT, AUTO_INCREMENT=19;

--
-- AUTO_INCREMENT for table `paymentmodes`
--
ALTER TABLE `paymentmodes`
  MODIFY `id` bigint(20) UNSIGNED NOT NULL AUTO_INCREMENT, AUTO_INCREMENT=4;

--
-- AUTO_INCREMENT for table `payments`
--
ALTER TABLE `payments`
  MODIFY `id` bigint(20) UNSIGNED NOT NULL AUTO_INCREMENT, AUTO_INCREMENT=17;

--
-- AUTO_INCREMENT for table `personal_access_tokens`
--
ALTER TABLE `personal_access_tokens`
  MODIFY `id` bigint(20) UNSIGNED NOT NULL AUTO_INCREMENT;

--
-- AUTO_INCREMENT for table `products`
--
ALTER TABLE `products`
  MODIFY `id` bigint(20) UNSIGNED NOT NULL AUTO_INCREMENT, AUTO_INCREMENT=66;

--
-- AUTO_INCREMENT for table `product_sale`
--
ALTER TABLE `product_sale`
  MODIFY `id` bigint(20) UNSIGNED NOT NULL AUTO_INCREMENT, AUTO_INCREMENT=20;

--
-- AUTO_INCREMENT for table `product_stock`
--
ALTER TABLE `product_stock`
  MODIFY `id` bigint(20) UNSIGNED NOT NULL AUTO_INCREMENT, AUTO_INCREMENT=2;

--
-- AUTO_INCREMENT for table `ratings`
--
ALTER TABLE `ratings`
  MODIFY `id` bigint(20) UNSIGNED NOT NULL AUTO_INCREMENT, AUTO_INCREMENT=2;

--
-- AUTO_INCREMENT for table `sales`
--
ALTER TABLE `sales`
  MODIFY `id` bigint(20) UNSIGNED NOT NULL AUTO_INCREMENT, AUTO_INCREMENT=15;

--
-- AUTO_INCREMENT for table `stocks`
--
ALTER TABLE `stocks`
  MODIFY `id` bigint(20) UNSIGNED NOT NULL AUTO_INCREMENT, AUTO_INCREMENT=2;

--
-- AUTO_INCREMENT for table `users`
--
ALTER TABLE `users`
  MODIFY `id` bigint(20) UNSIGNED NOT NULL AUTO_INCREMENT, AUTO_INCREMENT=31;

--
-- AUTO_INCREMENT for table `vendors`
--
ALTER TABLE `vendors`
  MODIFY `id` bigint(20) UNSIGNED NOT NULL AUTO_INCREMENT, AUTO_INCREMENT=5;

--
-- Constraints for dumped tables
--

--
-- Constraints for table `ratings`
--
ALTER TABLE `ratings`
  ADD CONSTRAINT `ratings_product_id_foreign` FOREIGN KEY (`product_id`) REFERENCES `products` (`id`) ON DELETE CASCADE,
  ADD CONSTRAINT `ratings_user_id_foreign` FOREIGN KEY (`user_id`) REFERENCES `users` (`id`) ON DELETE CASCADE;
COMMIT;

/*!40101 SET CHARACTER_SET_CLIENT=@OLD_CHARACTER_SET_CLIENT */;
/*!40101 SET CHARACTER_SET_RESULTS=@OLD_CHARACTER_SET_RESULTS */;
/*!40101 SET COLLATION_CONNECTION=@OLD_COLLATION_CONNECTION */;
